Algorithm,Problem,Run,Best_Fitness
A-POA,Welded_Beam,0,2.334716755762896
A-POA,Welded_Beam,1,2.431379179208138
A-POA,Welded_Beam,2,2.2995118933702416
A-POA,Welded_Beam,3,2.0818566162701133
A-POA,Welded_Beam,4,2.2018531631509073
A-POA,Welded_Beam,5,2.5324726825142534
A-POA,Welded_Beam,6,2.204791195842487
A-POA,Welded_Beam,7,2.260765079383434
A-POA,Welded_Beam,8,2.483041475310234
A-POA,Welded_Beam,9,2.4016514160208633
A-POA,Welded_Beam,10,2.27000767378808
A-POA,Welded_Beam,11,2.2253582708781297
A-POA,Welded_Beam,12,2.288469405790676
A-POA,Welded_Beam,13,1.9678450465111406
A-POA,Welded_Beam,14,2.3196322192369654
A-POA,Welded_Beam,15,2.0402952313240528
A-POA,Welded_Beam,16,2.200424002372469
A-POA,Welded_Beam,17,2.356997564413179
A-POA,Welded_Beam,18,2.202571602971158
A-POA,Welded_Beam,19,2.282153002656398
A-POA,Welded_Beam,20,2.300951955353044
A-POA,Welded_Beam,21,2.0863439570145577
A-POA,Welded_Beam,22,2.4254052063214497
A-POA,Welded_Beam,23,2.0518360448602944
A-POA,Welded_Beam,24,1.8979589627388953
A-POA,Welded_Beam,25,1.984363502623724
A-POA,Welded_Beam,26,2.1858518500044197
A-POA,Welded_Beam,27,1.8725983595960467
A-POA,Welded_Beam,28,2.2372827083269184
A-POA,Welded_Beam,29,2.3203865705122353
A-POA,Welded_Beam,30,2.407336047159894
A-POA,Welded_Beam,31,2.416417001262783
A-POA,Welded_Beam,32,2.291700831641543
A-POA,Welded_Beam,33,2.241770442406373
A-POA,Welded_Beam,34,2.269962279003536
A-POA,Welded_Beam,35,2.018359454574629
A-POA,Welded_Beam,36,2.1442455288482964
A-POA,Welded_Beam,37,2.3374962629629703
A-POA,Welded_Beam,38,2.4289669891431607
A-POA,Welded_Beam,39,2.270893091738213
A-POA,Welded_Beam,40,2.038880463286636
A-POA,Welded_Beam,41,1.9893713415254273
A-POA,Welded_Beam,42,2.159968384106352
A-POA,Welded_Beam,43,2.1319694024741285
A-POA,Welded_Beam,44,2.3255496141910106
A-POA,Welded_Beam,45,2.2555463374469413
A-POA,Welded_Beam,46,1.9444767053202714
A-POA,Welded_Beam,47,2.380401952950661
A-POA,Welded_Beam,48,2.020077666260983
A-POA,Welded_Beam,49,2.3435289238508736
A-POA,Pressure_Vessel,0,7212.69906627375
A-POA,Pressure_Vessel,1,7828.252666733148
A-POA,Pressure_Vessel,2,6618.694103294625
A-POA,Pressure_Vessel,3,6503.155949464797
A-POA,Pressure_Vessel,4,6745.061009274479
A-POA,Pressure_Vessel,5,6842.762817534214
A-POA,Pressure_Vessel,6,7927.9064870582415
A-POA,Pressure_Vessel,7,6759.159707913849
A-POA,Pressure_Vessel,8,6813.092263724993
A-POA,Pressure_Vessel,9,7355.245990744007
A-POA,Pressure_Vessel,10,8331.783597040374
A-POA,Pressure_Vessel,11,6617.008508277299
A-POA,Pressure_Vessel,12,6957.467829387495
A-POA,Pressure_Vessel,13,6934.7888259989595
A-POA,Pressure_Vessel,14,7345.536900606391
A-POA,Pressure_Vessel,15,7313.9721341709555
A-POA,Pressure_Vessel,16,7450.443587702171
A-POA,Pressure_Vessel,17,7053.419246234677
A-POA,Pressure_Vessel,18,7995.810515599302
A-POA,Pressure_Vessel,19,7476.785574554582
A-POA,Pressure_Vessel,20,7351.370368267555
A-POA,Pressure_Vessel,21,7120.2041082367095
A-POA,Pressure_Vessel,22,6973.942393090556
A-POA,Pressure_Vessel,23,6737.03632822789
A-POA,Pressure_Vessel,24,7105.917634202319
A-POA,Pressure_Vessel,25,7076.098209530264
A-POA,Pressure_Vessel,26,6720.360219359868
A-POA,Pressure_Vessel,27,7019.814949977013
A-POA,Pressure_Vessel,28,7569.904181425481
A-POA,Pressure_Vessel,29,6817.545859341701
A-POA,Pressure_Vessel,30,6976.697961238865
A-POA,Pressure_Vessel,31,7139.969716521979
A-POA,Pressure_Vessel,32,7328.149194123796
A-POA,Pressure_Vessel,33,6810.223684369848
A-POA,Pressure_Vessel,34,6864.05038744743
A-POA,Pressure_Vessel,35,7276.759702153497
A-POA,Pressure_Vessel,36,6645.888457827338
A-POA,Pressure_Vessel,37,6613.731101079454
A-POA,Pressure_Vessel,38,7249.623760314896
A-POA,Pressure_Vessel,39,6918.104002803253
A-POA,Pressure_Vessel,40,6813.564693481648
A-POA,Pressure_Vessel,41,6975.084010962114
A-POA,Pressure_Vessel,42,7988.841135998947
A-POA,Pressure_Vessel,43,6805.97096830048
A-POA,Pressure_Vessel,44,7051.005206144239
A-POA,Pressure_Vessel,45,7295.496900898488
A-POA,Pressure_Vessel,46,7443.217349522042
A-POA,Pressure_Vessel,47,6745.237306152195
A-POA,Pressure_Vessel,48,7721.872734877178
A-POA,Pressure_Vessel,49,6799.82301237784
A-POA,Tension_Spring,0,0.015589244095616737
A-POA,Tension_Spring,1,0.01385430509783241
A-POA,Tension_Spring,2,0.014977244718130557
A-POA,Tension_Spring,3,0.015282969695518275
A-POA,Tension_Spring,4,0.014402513592083
A-POA,Tension_Spring,5,0.01661387649593334
A-POA,Tension_Spring,6,0.015589573185453044
A-POA,Tension_Spring,7,0.014190859046525945
A-POA,Tension_Spring,8,0.013921634654379622
A-POA,Tension_Spring,9,0.015073157704875426
A-POA,Tension_Spring,10,0.01418668345024623
A-POA,Tension_Spring,11,0.015707012345969322
A-POA,Tension_Spring,12,0.015222805921041417
A-POA,Tension_Spring,13,0.015037353132050861
A-POA,Tension_Spring,14,0.014842001756090238
A-POA,Tension_Spring,15,0.015542159252397754
A-POA,Tension_Spring,16,0.015253813668858258
A-POA,Tension_Spring,17,0.01538207044264388
A-POA,Tension_Spring,18,0.014824639402930391
A-POA,Tension_Spring,19,0.01539682518440743
A-POA,Tension_Spring,20,0.01571419936078376
A-POA,Tension_Spring,21,0.015064197232925814
A-POA,Tension_Spring,22,0.016321805422856987
A-POA,Tension_Spring,23,0.014062467534631036
A-POA,Tension_Spring,24,0.014866958689068229
A-POA,Tension_Spring,25,0.015273966350287783
A-POA,Tension_Spring,26,0.012768222854107164
A-POA,Tension_Spring,27,0.01590464350449022
A-POA,Tension_Spring,28,0.01530464986725873
A-POA,Tension_Spring,29,0.014959952013917921
A-POA,Tension_Spring,30,0.015007809899761419
A-POA,Tension_Spring,31,0.015478506084906004
A-POA,Tension_Spring,32,0.015126936555178997
A-POA,Tension_Spring,33,0.015271994715687775
A-POA,Tension_Spring,34,0.014692202930644023
A-POA,Tension_Spring,35,0.014167232961578626
A-POA,Tension_Spring,36,0.015373852793815862
A-POA,Tension_Spring,37,0.014457746621015673
A-POA,Tension_Spring,38,0.015238414631582254
A-POA,Tension_Spring,39,0.013993974929116453
A-POA,Tension_Spring,40,0.015285821325639805
A-POA,Tension_Spring,41,0.014554428834644128
A-POA,Tension_Spring,42,0.01508192737610983
A-POA,Tension_Spring,43,0.015558793030103721
A-POA,Tension_Spring,44,0.013595978151440369
A-POA,Tension_Spring,45,0.012986871284317327
A-POA,Tension_Spring,46,0.016508843580933814
A-POA,Tension_Spring,47,0.014858219311793514
A-POA,Tension_Spring,48,0.015177216995575348
A-POA,Tension_Spring,49,0.01464395485936347
A-POA,Speed_Reducer,0,-21157.928748435585
A-POA,Speed_Reducer,1,2168.570453879016
A-POA,Speed_Reducer,2,2674.1337848779094
A-POA,Speed_Reducer,3,2336.861202046194
A-POA,Speed_Reducer,4,-21105.197213710282
A-POA,Speed_Reducer,5,-18069.131652765347
A-POA,Speed_Reducer,6,-15505.314491158466
A-POA,Speed_Reducer,7,2579.8268164245283
A-POA,Speed_Reducer,8,-1781.6922775154803
A-POA,Speed_Reducer,9,2370.517887450318
A-POA,Speed_Reducer,10,2610.079079963628
A-POA,Speed_Reducer,11,2627.2440932870904
A-POA,Speed_Reducer,12,-21038.64448442417
A-POA,Speed_Reducer,13,-2652.499765689022
A-POA,Speed_Reducer,14,-1924.2801682510471
A-POA,Speed_Reducer,15,2478.5097546935694
A-POA,Speed_Reducer,16,2274.5379368778495
A-POA,Speed_Reducer,17,-20481.08641638598
A-POA,Speed_Reducer,18,-42.95422369692183
A-POA,Speed_Reducer,19,-19530.283964080736
A-POA,Speed_Reducer,20,-19165.284575814607
A-POA,Speed_Reducer,21,2623.2371649925444
A-POA,Speed_Reducer,22,-728.8098444800038
A-POA,Speed_Reducer,23,2596.8319873919027
A-POA,Speed_Reducer,24,2516.1797808557794
A-POA,Speed_Reducer,25,-21487.67825783068
A-POA,Speed_Reducer,26,2673.8024141159935
A-POA,Speed_Reducer,27,-5292.697539960011
A-POA,Speed_Reducer,28,546.1174919445929
A-POA,Speed_Reducer,29,-4516.343070150382
A-POA,Speed_Reducer,30,2563.718193684851
A-POA,Speed_Reducer,31,2607.280250009225
A-POA,Speed_Reducer,32,2556.4816403734394
A-POA,Speed_Reducer,33,-1515.6473756431315
A-POA,Speed_Reducer,34,-6754.256664814
A-POA,Speed_Reducer,35,-21356.43615550462
A-POA,Speed_Reducer,36,-20955.755989578716
A-POA,Speed_Reducer,37,-107.86227753552582
A-POA,Speed_Reducer,38,2718.3283370752238
A-POA,Speed_Reducer,39,2557.298123959923
A-POA,Speed_Reducer,40,756.0667075532592
A-POA,Speed_Reducer,41,-6952.159538191243
A-POA,Speed_Reducer,42,2613.1694240256165
A-POA,Speed_Reducer,43,2394.1778381483796
A-POA,Speed_Reducer,44,-19288.96635527426
A-POA,Speed_Reducer,45,1044.202525123806
A-POA,Speed_Reducer,46,-7635.793984247711
A-POA,Speed_Reducer,47,2407.4881036128586
A-POA,Speed_Reducer,48,2626.571472805501
A-POA,Speed_Reducer,49,2629.186339652687
A-POA,Three_Bar_Truss,0,263.89151601297294
A-POA,Three_Bar_Truss,1,263.8919667967224
A-POA,Three_Bar_Truss,2,263.8915498525566
A-POA,Three_Bar_Truss,3,263.8915415361918
A-POA,Three_Bar_Truss,4,263.8915814678072
A-POA,Three_Bar_Truss,5,263.89159528043234
A-POA,Three_Bar_Truss,6,263.8919238082829
A-POA,Three_Bar_Truss,7,263.8915799810145
A-POA,Three_Bar_Truss,8,263.89167590169075
A-POA,Three_Bar_Truss,9,263.89169670498654
A-POA,Three_Bar_Truss,10,263.89153287469514
A-POA,Three_Bar_Truss,11,263.89237223600946
A-POA,Three_Bar_Truss,12,263.89176583724293
A-POA,Three_Bar_Truss,13,263.89160059558486
A-POA,Three_Bar_Truss,14,263.89263622176924
A-POA,Three_Bar_Truss,15,263.89189102929083
A-POA,Three_Bar_Truss,16,263.8918005515048
A-POA,Three_Bar_Truss,17,263.891495972503
A-POA,Three_Bar_Truss,18,263.89167022053095
A-POA,Three_Bar_Truss,19,263.8919507068592
A-POA,Three_Bar_Truss,20,263.8916066815427
A-POA,Three_Bar_Truss,21,263.89184982514394
A-POA,Three_Bar_Truss,22,263.8916704545838
A-POA,Three_Bar_Truss,23,263.8915091183361
A-POA,Three_Bar_Truss,24,263.8922785058594
A-POA,Three_Bar_Truss,25,263.89194675088874
A-POA,Three_Bar_Truss,26,263.8916013455115
A-POA,Three_Bar_Truss,27,263.89165344277956
A-POA,Three_Bar_Truss,28,263.89214528675484
A-POA,Three_Bar_Truss,29,263.89171357399044
A-POA,Three_Bar_Truss,30,263.89154271617616
A-POA,Three_Bar_Truss,31,263.89229220598065
A-POA,Three_Bar_Truss,32,263.8919881346085
A-POA,Three_Bar_Truss,33,263.8920934382322
A-POA,Three_Bar_Truss,34,263.8923768855599
A-POA,Three_Bar_Truss,35,263.8915844479928
A-POA,Three_Bar_Truss,36,263.8918546194969
A-POA,Three_Bar_Truss,37,263.89169438338047
A-POA,Three_Bar_Truss,38,263.89179855176207
A-POA,Three_Bar_Truss,39,263.89174589998527
A-POA,Three_Bar_Truss,40,263.8915746360702
A-POA,Three_Bar_Truss,41,263.89158006741064
A-POA,Three_Bar_Truss,42,263.8915047026019
A-POA,Three_Bar_Truss,43,263.8919573116536
A-POA,Three_Bar_Truss,44,263.8918005912979
A-POA,Three_Bar_Truss,45,263.8917061826603
A-POA,Three_Bar_Truss,46,263.8915148861224
A-POA,Three_Bar_Truss,47,263.89215551246355
A-POA,Three_Bar_Truss,48,263.8924351240716
A-POA,Three_Bar_Truss,49,263.89302109558145
Base-POA,Welded_Beam,0,2.1116325981384154
Base-POA,Welded_Beam,1,2.1259128389253283
Base-POA,Welded_Beam,2,2.140786411008185
Base-POA,Welded_Beam,3,2.2658518330257964
Base-POA,Welded_Beam,4,2.164703784357794
Base-POA,Welded_Beam,5,2.0508385843644716
Base-POA,Welded_Beam,6,2.2092044783456566
Base-POA,Welded_Beam,7,2.1981125597420563
Base-POA,Welded_Beam,8,2.2911047942748684
Base-POA,Welded_Beam,9,2.175061547910561
Base-POA,Welded_Beam,10,2.159539763873886
Base-POA,Welded_Beam,11,2.1448335346402114
Base-POA,Welded_Beam,12,2.3709662064032866
Base-POA,Welded_Beam,13,2.281409849147458
Base-POA,Welded_Beam,14,2.1012138082561767
Base-POA,Welded_Beam,15,1.9303070671252083
Base-POA,Welded_Beam,16,2.266665396264222
Base-POA,Welded_Beam,17,2.231689448738166
Base-POA,Welded_Beam,18,2.2533369407972432
Base-POA,Welded_Beam,19,2.305645707082712
Base-POA,Welded_Beam,20,2.3997496710830037
Base-POA,Welded_Beam,21,1.9765797117971795
Base-POA,Welded_Beam,22,2.3355018485116856
Base-POA,Welded_Beam,23,1.816929076801472
Base-POA,Welded_Beam,24,1.9932374350450366
Base-POA,Welded_Beam,25,2.009618522492166
Base-POA,Welded_Beam,26,1.816191876703035
Base-POA,Welded_Beam,27,2.245488955147225
Base-POA,Welded_Beam,28,2.3621408081724358
Base-POA,Welded_Beam,29,2.3700502761555073
Base-POA,Welded_Beam,30,2.1988715443218543
Base-POA,Welded_Beam,31,1.8808149387504616
Base-POA,Welded_Beam,32,2.027805338278423
Base-POA,Welded_Beam,33,1.981183611259088
Base-POA,Welded_Beam,34,2.129540166819719
Base-POA,Welded_Beam,35,2.143357770450921
Base-POA,Welded_Beam,36,1.8959198771124508
Base-POA,Welded_Beam,37,2.2767463809834094
Base-POA,Welded_Beam,38,2.2313715616355854
Base-POA,Welded_Beam,39,2.182379743048001
Base-POA,Welded_Beam,40,2.267776650684538
Base-POA,Welded_Beam,41,2.1474682077040423
Base-POA,Welded_Beam,42,1.9705560611347503
Base-POA,Welded_Beam,43,2.052115358193987
Base-POA,Welded_Beam,44,2.030991350731486
Base-POA,Welded_Beam,45,2.1379220797799565
Base-POA,Welded_Beam,46,2.0339210525188958
Base-POA,Welded_Beam,47,1.9260603620878793
Base-POA,Welded_Beam,48,2.2537467518192766
Base-POA,Welded_Beam,49,2.2633007275082777
Base-POA,Pressure_Vessel,0,6617.894707412921
Base-POA,Pressure_Vessel,1,6584.617857997684
Base-POA,Pressure_Vessel,2,6965.37287724933
Base-POA,Pressure_Vessel,3,6932.719929407557
Base-POA,Pressure_Vessel,4,7265.018831288192
Base-POA,Pressure_Vessel,5,7023.847147162603
Base-POA,Pressure_Vessel,6,6832.819059190353
Base-POA,Pressure_Vessel,7,7291.009818957553
Base-POA,Pressure_Vessel,8,6651.15241161736
Base-POA,Pressure_Vessel,9,7645.351866294616
Base-POA,Pressure_Vessel,10,6992.421662420415
Base-POA,Pressure_Vessel,11,7564.417007464423
Base-POA,Pressure_Vessel,12,6530.47144455971
Base-POA,Pressure_Vessel,13,6781.740685640102
Base-POA,Pressure_Vessel,14,6686.2184905821205
Base-POA,Pressure_Vessel,15,7520.263326287969
Base-POA,Pressure_Vessel,16,7350.526835357193
Base-POA,Pressure_Vessel,17,6943.7834776366335
Base-POA,Pressure_Vessel,18,6614.062848077438
Base-POA,Pressure_Vessel,19,7468.794407394499
Base-POA,Pressure_Vessel,20,6681.510861977151
Base-POA,Pressure_Vessel,21,7193.611177903543
Base-POA,Pressure_Vessel,22,6372.422574986086
Base-POA,Pressure_Vessel,23,6871.912810607311
Base-POA,Pressure_Vessel,24,6659.409503153354
Base-POA,Pressure_Vessel,25,7040.166758347746
Base-POA,Pressure_Vessel,26,6226.638746294976
Base-POA,Pressure_Vessel,27,7306.735982845871
Base-POA,Pressure_Vessel,28,6411.569466472871
Base-POA,Pressure_Vessel,29,7467.927936663379
Base-POA,Pressure_Vessel,30,6739.5697505532635
Base-POA,Pressure_Vessel,31,6656.941900689156
Base-POA,Pressure_Vessel,32,6776.9006619985275
Base-POA,Pressure_Vessel,33,6293.5505066478545
Base-POA,Pressure_Vessel,34,6748.1734572932555
Base-POA,Pressure_Vessel,35,6917.414737462597
Base-POA,Pressure_Vessel,36,6673.1024871789505
Base-POA,Pressure_Vessel,37,7052.258879264333
Base-POA,Pressure_Vessel,38,7403.555402266451
Base-POA,Pressure_Vessel,39,7217.59983296166
Base-POA,Pressure_Vessel,40,6611.560085851051
Base-POA,Pressure_Vessel,41,7008.473999351584
Base-POA,Pressure_Vessel,42,7032.895278563382
Base-POA,Pressure_Vessel,43,7402.3372646555545
Base-POA,Pressure_Vessel,44,7077.3432823611165
Base-POA,Pressure_Vessel,45,6574.565634225141
Base-POA,Pressure_Vessel,46,7549.129021386257
Base-POA,Pressure_Vessel,47,6371.378472181373
Base-POA,Pressure_Vessel,48,7482.943802711974
Base-POA,Pressure_Vessel,49,7625.3176821476245
Base-POA,Tension_Spring,0,0.01294780282167995
Base-POA,Tension_Spring,1,0.013596517578387379
Base-POA,Tension_Spring,2,0.013537415386649371
Base-POA,Tension_Spring,3,0.013735565505441753
Base-POA,Tension_Spring,4,0.015050322199615435
Base-POA,Tension_Spring,5,0.013448899335583684
Base-POA,Tension_Spring,6,0.012998834574556318
Base-POA,Tension_Spring,7,0.01284171812063271
Base-POA,Tension_Spring,8,0.013252272672521066
Base-POA,Tension_Spring,9,0.016327938802261084
Base-POA,Tension_Spring,10,0.016054737897199193
Base-POA,Tension_Spring,11,0.013644473325026643
Base-POA,Tension_Spring,12,0.012820103937417098
Base-POA,Tension_Spring,13,0.01445441541326448
Base-POA,Tension_Spring,14,0.013950215400789315
Base-POA,Tension_Spring,15,0.017185816937624658
Base-POA,Tension_Spring,16,0.01354067980951834
Base-POA,Tension_Spring,17,0.012760115245801418
Base-POA,Tension_Spring,18,0.015646743979007144
Base-POA,Tension_Spring,19,0.016795545451891304
Base-POA,Tension_Spring,20,0.015488318961906734
Base-POA,Tension_Spring,21,0.014058166225594906
Base-POA,Tension_Spring,22,0.01357373398220229
Base-POA,Tension_Spring,23,0.015415119724826395
Base-POA,Tension_Spring,24,0.019030805201379
Base-POA,Tension_Spring,25,0.018120593155148332
Base-POA,Tension_Spring,26,0.013346594201237662
Base-POA,Tension_Spring,27,0.014054408551674885
Base-POA,Tension_Spring,28,0.014418282075099589
Base-POA,Tension_Spring,29,0.01932366735266983
Base-POA,Tension_Spring,30,0.01660148317780106
Base-POA,Tension_Spring,31,0.021132171336188946
Base-POA,Tension_Spring,32,0.013985389271108773
Base-POA,Tension_Spring,33,0.013413242782925666
Base-POA,Tension_Spring,34,0.018471804694612733
Base-POA,Tension_Spring,35,0.018724945053587995
Base-POA,Tension_Spring,36,0.014237724610418506
Base-POA,Tension_Spring,37,0.020228509998695892
Base-POA,Tension_Spring,38,0.016980153050059472
Base-POA,Tension_Spring,39,0.013897678046181926
Base-POA,Tension_Spring,40,0.015602054254132226
Base-POA,Tension_Spring,41,0.01511336950695376
Base-POA,Tension_Spring,42,0.013497024375952325
Base-POA,Tension_Spring,43,0.014770776937612362
Base-POA,Tension_Spring,44,0.016902804287266367
Base-POA,Tension_Spring,45,0.01753973107224203
Base-POA,Tension_Spring,46,0.014503007789368276
Base-POA,Tension_Spring,47,0.01571562449472329
Base-POA,Tension_Spring,48,0.015315073155506731
Base-POA,Tension_Spring,49,0.02049022233885863
Base-POA,Speed_Reducer,0,-21677.511566842517
Base-POA,Speed_Reducer,1,-21308.914200221614
Base-POA,Speed_Reducer,2,2665.2833520243325
Base-POA,Speed_Reducer,3,2516.0585315402864
Base-POA,Speed_Reducer,4,-21769.00991151591
Base-POA,Speed_Reducer,5,-21449.91093135254
Base-POA,Speed_Reducer,6,2877.198891339198
Base-POA,Speed_Reducer,7,2783.756514726649
Base-POA,Speed_Reducer,8,-21701.831175903208
Base-POA,Speed_Reducer,9,2613.775703961864
Base-POA,Speed_Reducer,10,2591.464126706453
Base-POA,Speed_Reducer,11,-21515.996357118165
Base-POA,Speed_Reducer,12,2656.759093565731
Base-POA,Speed_Reducer,13,-21721.88071862445
Base-POA,Speed_Reducer,14,-21796.028989572595
Base-POA,Speed_Reducer,15,-21700.273640902724
Base-POA,Speed_Reducer,16,2545.3376416549827
Base-POA,Speed_Reducer,17,-21538.870066143376
Base-POA,Speed_Reducer,18,2713.780338692876
Base-POA,Speed_Reducer,19,2627.530714225407
Base-POA,Speed_Reducer,20,2622.740305296568
Base-POA,Speed_Reducer,21,2650.389001369384
Base-POA,Speed_Reducer,22,-8906.119879111997
Base-POA,Speed_Reducer,23,2724.4186823304954
Base-POA,Speed_Reducer,24,1407.2746821444932
Base-POA,Speed_Reducer,25,-9652.279096210788
Base-POA,Speed_Reducer,26,2590.728926817843
Base-POA,Speed_Reducer,27,-21725.68730998331
Base-POA,Speed_Reducer,28,2906.772362116954
Base-POA,Speed_Reducer,29,-11655.99352124212
Base-POA,Speed_Reducer,30,-21658.27817418077
Base-POA,Speed_Reducer,31,-21703.0091023453
Base-POA,Speed_Reducer,32,2562.8037294420965
Base-POA,Speed_Reducer,33,2642.1892779923937
Base-POA,Speed_Reducer,34,-21798.29240258428
Base-POA,Speed_Reducer,35,-21681.109751017757
Base-POA,Speed_Reducer,36,-21663.81666847592
Base-POA,Speed_Reducer,37,-21380.56391422997
Base-POA,Speed_Reducer,38,2766.697986388975
Base-POA,Speed_Reducer,39,-21357.77047773787
Base-POA,Speed_Reducer,40,-21663.532677938543
Base-POA,Speed_Reducer,41,-21662.034218615325
Base-POA,Speed_Reducer,42,2843.81739194012
Base-POA,Speed_Reducer,43,-21789.40358794421
Base-POA,Speed_Reducer,44,3173.3900827893426
Base-POA,Speed_Reducer,45,-21689.940304341126
Base-POA,Speed_Reducer,46,2587.4445641938864
Base-POA,Speed_Reducer,47,2651.753462557641
Base-POA,Speed_Reducer,48,-21760.722584506715
Base-POA,Speed_Reducer,49,2586.6905501463193
Base-POA,Three_Bar_Truss,0,263.89149359150395
Base-POA,Three_Bar_Truss,1,263.89149110008645
Base-POA,Three_Bar_Truss,2,263.8914911002638
Base-POA,Three_Bar_Truss,3,263.89149110008645
Base-POA,Three_Bar_Truss,4,263.8915260306152
Base-POA,Three_Bar_Truss,5,263.8914911023568
Base-POA,Three_Bar_Truss,6,263.89149110009026
Base-POA,Three_Bar_Truss,7,263.8915128603723
Base-POA,Three_Bar_Truss,8,263.8914911000949
Base-POA,Three_Bar_Truss,9,263.891495192218
Base-POA,Three_Bar_Truss,10,263.8914990970965
Base-POA,Three_Bar_Truss,11,263.8914911001795
Base-POA,Three_Bar_Truss,12,263.8914953230283
Base-POA,Three_Bar_Truss,13,263.8914911005654
Base-POA,Three_Bar_Truss,14,263.89149114224153
Base-POA,Three_Bar_Truss,15,263.8914926727213
Base-POA,Three_Bar_Truss,16,263.89149110008645
Base-POA,Three_Bar_Truss,17,263.8914911004611
Base-POA,Three_Bar_Truss,18,263.8915089740565
Base-POA,Three_Bar_Truss,19,263.89149166135934
Base-POA,Three_Bar_Truss,20,263.8914911007832
Base-POA,Three_Bar_Truss,21,263.89149117885717
Base-POA,Three_Bar_Truss,22,263.8914975526166
Base-POA,Three_Bar_Truss,23,263.89149683717744
Base-POA,Three_Bar_Truss,24,263.8914959614007
Base-POA,Three_Bar_Truss,25,263.8915022742085
Base-POA,Three_Bar_Truss,26,263.8915036125317
Base-POA,Three_Bar_Truss,27,263.8914913536083
Base-POA,Three_Bar_Truss,28,263.89151196580525
Base-POA,Three_Bar_Truss,29,263.8914911002327
Base-POA,Three_Bar_Truss,30,263.89156199983586
Base-POA,Three_Bar_Truss,31,263.8914911004809
Base-POA,Three_Bar_Truss,32,263.89149110010686
Base-POA,Three_Bar_Truss,33,263.89149110033384
Base-POA,Three_Bar_Truss,34,263.8914911059749
Base-POA,Three_Bar_Truss,35,263.8914963050248
Base-POA,Three_Bar_Truss,36,263.8914975494296
Base-POA,Three_Bar_Truss,37,263.8914911001367
Base-POA,Three_Bar_Truss,38,263.8915408856462
Base-POA,Three_Bar_Truss,39,263.89149840181125
Base-POA,Three_Bar_Truss,40,263.89149216202406
Base-POA,Three_Bar_Truss,41,263.8914911424997
Base-POA,Three_Bar_Truss,42,263.89149913413684
Base-POA,Three_Bar_Truss,43,263.8914977880446
Base-POA,Three_Bar_Truss,44,263.89159131067646
Base-POA,Three_Bar_Truss,45,263.8915370345214
Base-POA,Three_Bar_Truss,46,263.89149314217315
Base-POA,Three_Bar_Truss,47,263.8914911025204
Base-POA,Three_Bar_Truss,48,263.89149416357003
Base-POA,Three_Bar_Truss,49,263.89153235714923
PSO,Welded_Beam,0,2.349323033022455
PSO,Welded_Beam,1,1.6952469430504322
PSO,Welded_Beam,2,1.8156922217980793
PSO,Welded_Beam,3,1.8687143491935514
PSO,Welded_Beam,4,1.7976187353680948
PSO,Welded_Beam,5,1.6952469425422443
PSO,Welded_Beam,6,2.2634486826595595
PSO,Welded_Beam,7,1.695246941281962
PSO,Welded_Beam,8,2.082627589604468
PSO,Welded_Beam,9,1.6952469409542057
PSO,Welded_Beam,10,1.6952469408645183
PSO,Welded_Beam,11,1.6952469409808113
PSO,Welded_Beam,12,1.695246942720327
PSO,Welded_Beam,13,1.8388846879075667
PSO,Welded_Beam,14,2.2516923184116693
PSO,Welded_Beam,15,1.6952469410745814
PSO,Welded_Beam,16,1.6952469455588013
PSO,Welded_Beam,17,1.7588085182113806
PSO,Welded_Beam,18,1.7248944089163258
PSO,Welded_Beam,19,1.6952469412299451
PSO,Welded_Beam,20,2.085554710386501
PSO,Welded_Beam,21,1.6952469409280126
PSO,Welded_Beam,22,1.6952469410357216
PSO,Welded_Beam,23,1.8788931141770757
PSO,Welded_Beam,24,1.7937883897344975
PSO,Welded_Beam,25,1.69524694093589
PSO,Welded_Beam,26,1.6955097733066267
PSO,Welded_Beam,27,1.804205393019877
PSO,Welded_Beam,28,1.695246940943667
PSO,Welded_Beam,29,1.9353404726270724
PSO,Welded_Beam,30,1.6952469415646614
PSO,Welded_Beam,31,1.6952469469260876
PSO,Welded_Beam,32,1.9626034775774261
PSO,Welded_Beam,33,1.6952469413144362
PSO,Welded_Beam,34,1.695246941081032
PSO,Welded_Beam,35,1.695246941119658
PSO,Welded_Beam,36,1.6952469527628038
PSO,Welded_Beam,37,1.6952469416041998
PSO,Welded_Beam,38,1.6952469438771303
PSO,Welded_Beam,39,1.6957178444344703
PSO,Welded_Beam,40,1.6952469411047488
PSO,Welded_Beam,41,1.6952469410357784
PSO,Welded_Beam,42,1.6952469410153266
PSO,Welded_Beam,43,1.6952469409019155
PSO,Welded_Beam,44,1.695246941156121
PSO,Welded_Beam,45,1.695246941469297
PSO,Welded_Beam,46,1.8511381913488218
PSO,Welded_Beam,47,1.6952469437108557
PSO,Welded_Beam,48,1.6952469410357518
PSO,Welded_Beam,49,1.6952469417124505
PSO,Pressure_Vessel,0,6096.8180463145345
PSO,Pressure_Vessel,1,7513.793977311941
PSO,Pressure_Vessel,2,5870.123976642598
PSO,Pressure_Vessel,3,5870.123976642598
PSO,Pressure_Vessel,4,5870.123976642598
PSO,Pressure_Vessel,5,5870.123976642598
PSO,Pressure_Vessel,6,6466.451912665322
PSO,Pressure_Vessel,7,5870.123976642597
PSO,Pressure_Vessel,8,5870.123976642598
PSO,Pressure_Vessel,9,6306.826829386794
PSO,Pressure_Vessel,10,6419.898264775455
PSO,Pressure_Vessel,11,5870.123976642598
PSO,Pressure_Vessel,12,5870.123976642598
PSO,Pressure_Vessel,13,5870.123976642598
PSO,Pressure_Vessel,14,5870.123976642598
PSO,Pressure_Vessel,15,6441.4270710336
PSO,Pressure_Vessel,16,6020.178178987133
PSO,Pressure_Vessel,17,5870.123976642598
PSO,Pressure_Vessel,18,6505.672747778536
PSO,Pressure_Vessel,19,6104.538499678588
PSO,Pressure_Vessel,20,6028.940059070342
PSO,Pressure_Vessel,21,5870.123976642598
PSO,Pressure_Vessel,22,6545.049424377501
PSO,Pressure_Vessel,23,5870.123976642598
PSO,Pressure_Vessel,24,6776.681689077171
PSO,Pressure_Vessel,25,5897.554317045197
PSO,Pressure_Vessel,26,5984.388071072175
PSO,Pressure_Vessel,27,5870.123976642598
PSO,Pressure_Vessel,28,6631.204676594245
PSO,Pressure_Vessel,29,6131.814156170942
PSO,Pressure_Vessel,30,6068.263806845759
PSO,Pressure_Vessel,31,6259.967007779989
PSO,Pressure_Vessel,32,6183.124714334759
PSO,Pressure_Vessel,33,6698.874433278556
PSO,Pressure_Vessel,34,5870.123976642597
PSO,Pressure_Vessel,35,6141.485644876593
PSO,Pressure_Vessel,36,5870.123976642598
PSO,Pressure_Vessel,37,6058.423197367449
PSO,Pressure_Vessel,38,6795.29348898185
PSO,Pressure_Vessel,39,6542.885654290016
PSO,Pressure_Vessel,40,6135.3671067817995
PSO,Pressure_Vessel,41,5875.045162409391
PSO,Pressure_Vessel,42,5870.123976642598
PSO,Pressure_Vessel,43,6632.27602276715
PSO,Pressure_Vessel,44,6095.702685570154
PSO,Pressure_Vessel,45,6347.235730898827
PSO,Pressure_Vessel,46,5870.123976642598
PSO,Pressure_Vessel,47,6753.423630483322
PSO,Pressure_Vessel,48,6456.3054200755205
PSO,Pressure_Vessel,49,6655.104992512753
PSO,Tension_Spring,0,0.012719053506700327
PSO,Tension_Spring,1,0.012719053506700325
PSO,Tension_Spring,2,0.012719053506700323
PSO,Tension_Spring,3,0.012666679468715868
PSO,Tension_Spring,4,0.012719053506700325
PSO,Tension_Spring,5,0.012719053506700322
PSO,Tension_Spring,6,0.012719053506700325
PSO,Tension_Spring,7,0.012719053506700322
PSO,Tension_Spring,8,0.012719053506700322
PSO,Tension_Spring,9,0.012719053506700325
PSO,Tension_Spring,10,0.012719053506700327
PSO,Tension_Spring,11,0.012719053506700327
PSO,Tension_Spring,12,0.014490329148484856
PSO,Tension_Spring,13,0.013192580439501224
PSO,Tension_Spring,14,0.013192580439501224
PSO,Tension_Spring,15,0.013192580439501224
PSO,Tension_Spring,16,0.012719053506700322
PSO,Tension_Spring,17,0.015199236184914323
PSO,Tension_Spring,18,0.013201997090567331
PSO,Tension_Spring,19,0.012702042809328903
PSO,Tension_Spring,20,0.013134150366414275
PSO,Tension_Spring,21,0.012719053506700323
PSO,Tension_Spring,22,0.01266707071721119
PSO,Tension_Spring,23,0.013022686589021667
PSO,Tension_Spring,24,0.012790107831160984
PSO,Tension_Spring,25,0.012719053506700323
PSO,Tension_Spring,26,0.012719053506700323
PSO,Tension_Spring,27,0.012756934727007363
PSO,Tension_Spring,28,0.012719053506700325
PSO,Tension_Spring,29,0.012719053506700323
PSO,Tension_Spring,30,0.012682567988706463
PSO,Tension_Spring,31,0.013192580439501224
PSO,Tension_Spring,32,0.012719053506700327
PSO,Tension_Spring,33,0.012719053506700322
PSO,Tension_Spring,34,0.012719053506700325
PSO,Tension_Spring,35,0.012719053506700323
PSO,Tension_Spring,36,0.012830505324044702
PSO,Tension_Spring,37,0.012719053506700323
PSO,Tension_Spring,38,0.01266573009314761
PSO,Tension_Spring,39,0.013755339452735193
PSO,Tension_Spring,40,0.012665304594100856
PSO,Tension_Spring,41,0.013034940328155973
PSO,Tension_Spring,42,0.012695815045626998
PSO,Tension_Spring,43,0.012719053506700322
PSO,Tension_Spring,44,0.012666803808194195
PSO,Tension_Spring,45,0.012719053506700323
PSO,Tension_Spring,46,0.012719053506700323
PSO,Tension_Spring,47,0.013394402055705084
PSO,Tension_Spring,48,0.013192580439501224
PSO,Tension_Spring,49,0.01294463601315426
PSO,Speed_Reducer,0,-21865.23376879555
PSO,Speed_Reducer,1,-16255.620933044556
PSO,Speed_Reducer,2,7147.537589879588
PSO,Speed_Reducer,3,7147.537589879587
PSO,Speed_Reducer,4,8294.157936002299
PSO,Speed_Reducer,5,2499.2860515743555
PSO,Speed_Reducer,6,-21865.23376879555
PSO,Speed_Reducer,7,-21865.233768795555
PSO,Speed_Reducer,8,-21865.23376879555
PSO,Speed_Reducer,9,2499.2860515743555
PSO,Speed_Reducer,10,7147.537589879587
PSO,Speed_Reducer,11,6303.870016509891
PSO,Speed_Reducer,12,2499.286051574356
PSO,Speed_Reducer,13,-16047.284830760796
PSO,Speed_Reducer,14,9982.862533461677
PSO,Speed_Reducer,15,-21865.23376879555
PSO,Speed_Reducer,16,2499.286051574356
PSO,Speed_Reducer,17,-21865.23376879555
PSO,Speed_Reducer,18,2499.286051574356
PSO,Speed_Reducer,19,2499.2860515743555
PSO,Speed_Reducer,20,2499.286051574356
PSO,Speed_Reducer,21,2499.286051574356
PSO,Speed_Reducer,22,2499.2860515743555
PSO,Speed_Reducer,23,2499.2860515743555
PSO,Speed_Reducer,24,2499.2860515743555
PSO,Speed_Reducer,25,2499.286051574356
PSO,Speed_Reducer,26,-21865.233768795548
PSO,Speed_Reducer,27,2499.286051574356
PSO,Speed_Reducer,28,2499.286051574356
PSO,Speed_Reducer,29,6303.870016509891
PSO,Speed_Reducer,30,2499.286051574356
PSO,Speed_Reducer,31,2499.2860515743555
PSO,Speed_Reducer,32,6303.870016509891
PSO,Speed_Reducer,33,-21865.233768795555
PSO,Speed_Reducer,34,2499.2860515743555
PSO,Speed_Reducer,35,-21865.233768795555
PSO,Speed_Reducer,36,7147.537589879587
PSO,Speed_Reducer,37,-21865.233768795555
PSO,Speed_Reducer,38,-21865.233768795544
PSO,Speed_Reducer,39,2499.286051574356
PSO,Speed_Reducer,40,7147.537589879587
PSO,Speed_Reducer,41,2488.8506203072443
PSO,Speed_Reducer,42,-21865.233768795555
PSO,Speed_Reducer,43,9982.862533438149
PSO,Speed_Reducer,44,-21865.23376879555
PSO,Speed_Reducer,45,2499.286051574356
PSO,Speed_Reducer,46,2499.286051574356
PSO,Speed_Reducer,47,-21865.23376879555
PSO,Speed_Reducer,48,7147.537589879587
PSO,Speed_Reducer,49,2499.286051574356
PSO,Three_Bar_Truss,0,263.8914911000863
PSO,Three_Bar_Truss,1,263.8914911000864
PSO,Three_Bar_Truss,2,263.89149110008634
PSO,Three_Bar_Truss,3,263.89149110008634
PSO,Three_Bar_Truss,4,263.89149110008634
PSO,Three_Bar_Truss,5,263.89149110008634
PSO,Three_Bar_Truss,6,263.89149110008634
PSO,Three_Bar_Truss,7,263.89149110008634
PSO,Three_Bar_Truss,8,263.8914911000863
PSO,Three_Bar_Truss,9,263.8914911000863
PSO,Three_Bar_Truss,10,263.8914911000863
PSO,Three_Bar_Truss,11,263.8914911000863
PSO,Three_Bar_Truss,12,263.8914911000863
PSO,Three_Bar_Truss,13,263.8914911000864
PSO,Three_Bar_Truss,14,263.89149110008634
PSO,Three_Bar_Truss,15,263.8914911000863
PSO,Three_Bar_Truss,16,263.8914911000864
PSO,Three_Bar_Truss,17,263.8914911000863
PSO,Three_Bar_Truss,18,263.8914911000863
PSO,Three_Bar_Truss,19,263.89149110008634
PSO,Three_Bar_Truss,20,263.89149110008634
PSO,Three_Bar_Truss,21,263.8914911000863
PSO,Three_Bar_Truss,22,263.89149110008634
PSO,Three_Bar_Truss,23,263.89149110008634
PSO,Three_Bar_Truss,24,263.8914911000863
PSO,Three_Bar_Truss,25,263.8914911000864
PSO,Three_Bar_Truss,26,263.8914911000863
PSO,Three_Bar_Truss,27,263.89149110008634
PSO,Three_Bar_Truss,28,263.8914911000863
PSO,Three_Bar_Truss,29,263.8914911000863
PSO,Three_Bar_Truss,30,263.89149110008634
PSO,Three_Bar_Truss,31,263.89149110008634
PSO,Three_Bar_Truss,32,263.8914911000863
PSO,Three_Bar_Truss,33,263.8914911000863
PSO,Three_Bar_Truss,34,263.8914911000863
PSO,Three_Bar_Truss,35,263.8914911000863
PSO,Three_Bar_Truss,36,263.8914911000863
PSO,Three_Bar_Truss,37,263.89149110008634
PSO,Three_Bar_Truss,38,263.8914911000863
PSO,Three_Bar_Truss,39,263.8914911000863
PSO,Three_Bar_Truss,40,263.8914911000863
PSO,Three_Bar_Truss,41,263.8914911000863
PSO,Three_Bar_Truss,42,263.8914911000863
PSO,Three_Bar_Truss,43,263.8914911000863
PSO,Three_Bar_Truss,44,263.89149110008634
PSO,Three_Bar_Truss,45,263.8914911000863
PSO,Three_Bar_Truss,46,263.8914911000863
PSO,Three_Bar_Truss,47,263.8914911000863
PSO,Three_Bar_Truss,48,263.8914911000864
PSO,Three_Bar_Truss,49,263.8914911000863
GWO,Welded_Beam,0,1.6978776782902343
GWO,Welded_Beam,1,1.695554298947521
GWO,Welded_Beam,2,1.6960579514168426
GWO,Welded_Beam,3,1.6982938067191709
GWO,Welded_Beam,4,1.6976522073464508
GWO,Welded_Beam,5,1.6955433220103202
GWO,Welded_Beam,6,1.6963723847180558
GWO,Welded_Beam,7,1.6956055574412163
GWO,Welded_Beam,8,1.6989928697378727
GWO,Welded_Beam,9,1.6972744947921945
GWO,Welded_Beam,10,1.6992473291304597
GWO,Welded_Beam,11,1.6962688371047658
GWO,Welded_Beam,12,1.6955835879722545
GWO,Welded_Beam,13,1.6991396967010404
GWO,Welded_Beam,14,1.6958033948941291
GWO,Welded_Beam,15,1.6962164985610615
GWO,Welded_Beam,16,1.6968447660119552
GWO,Welded_Beam,17,1.698509403461946
GWO,Welded_Beam,18,1.6966468397351222
GWO,Welded_Beam,19,1.6971399763231911
GWO,Welded_Beam,20,1.6957592552800578
GWO,Welded_Beam,21,1.6978176440025097
GWO,Welded_Beam,22,1.6962268084682797
GWO,Welded_Beam,23,1.697249613906588
GWO,Welded_Beam,24,1.6965551489960369
GWO,Welded_Beam,25,1.6959973903632861
GWO,Welded_Beam,26,1.69765864670594
GWO,Welded_Beam,27,1.6976843202208416
GWO,Welded_Beam,28,1.6993920759834946
GWO,Welded_Beam,29,1.6971063828370991
GWO,Welded_Beam,30,1.696094604470012
GWO,Welded_Beam,31,1.6972934015003223
GWO,Welded_Beam,32,1.696212778393369
GWO,Welded_Beam,33,1.6961322440453588
GWO,Welded_Beam,34,1.6967318023662552
GWO,Welded_Beam,35,1.6960006040226618
GWO,Welded_Beam,36,1.6961797630370272
GWO,Welded_Beam,37,1.697749819314054
GWO,Welded_Beam,38,1.69762454766001
GWO,Welded_Beam,39,1.6961001949830432
GWO,Welded_Beam,40,1.6964418014081326
GWO,Welded_Beam,41,1.6963904062221944
GWO,Welded_Beam,42,1.6958119825359919
GWO,Welded_Beam,43,1.6959503226930568
GWO,Welded_Beam,44,1.6968534951835335
GWO,Welded_Beam,45,1.696642738522322
GWO,Welded_Beam,46,1.6979988042418395
GWO,Welded_Beam,47,1.6969381231657537
GWO,Welded_Beam,48,1.7000422571999607
GWO,Welded_Beam,49,1.6969792096304923
GWO,Pressure_Vessel,0,7508.116565519829
GWO,Pressure_Vessel,1,7416.789085481314
GWO,Pressure_Vessel,2,5871.274547161526
GWO,Pressure_Vessel,3,5871.072246061617
GWO,Pressure_Vessel,4,7502.988814637522
GWO,Pressure_Vessel,5,5870.398054653479
GWO,Pressure_Vessel,6,5871.1035919506
GWO,Pressure_Vessel,7,5871.9834583059555
GWO,Pressure_Vessel,8,5874.070049489572
GWO,Pressure_Vessel,9,5870.774765445816
GWO,Pressure_Vessel,10,5886.859809614575
GWO,Pressure_Vessel,11,5870.613633274229
GWO,Pressure_Vessel,12,7369.968061848256
GWO,Pressure_Vessel,13,7505.498157584663
GWO,Pressure_Vessel,14,5870.210020650355
GWO,Pressure_Vessel,15,5870.694397679265
GWO,Pressure_Vessel,16,5871.906799156335
GWO,Pressure_Vessel,17,5870.687070281629
GWO,Pressure_Vessel,18,7514.165929308391
GWO,Pressure_Vessel,19,5871.442345413233
GWO,Pressure_Vessel,20,5870.3012516706995
GWO,Pressure_Vessel,21,5873.219105177285
GWO,Pressure_Vessel,22,7453.54950228502
GWO,Pressure_Vessel,23,5870.572543657404
GWO,Pressure_Vessel,24,5870.447406542662
GWO,Pressure_Vessel,25,6035.845716774086
GWO,Pressure_Vessel,26,5870.745872889795
GWO,Pressure_Vessel,27,5874.526201426014
GWO,Pressure_Vessel,28,5870.413582730438
GWO,Pressure_Vessel,29,5872.726481647902
GWO,Pressure_Vessel,30,5871.1156158841995
GWO,Pressure_Vessel,31,5870.969993598181
GWO,Pressure_Vessel,32,5872.150246180135
GWO,Pressure_Vessel,33,7512.155187714066
GWO,Pressure_Vessel,34,5870.712605435844
GWO,Pressure_Vessel,35,5872.962368375637
GWO,Pressure_Vessel,36,5870.971188852827
GWO,Pressure_Vessel,37,5870.348517483389
GWO,Pressure_Vessel,38,7448.883999687669
GWO,Pressure_Vessel,39,5870.375996237628
GWO,Pressure_Vessel,40,5871.281844556817
GWO,Pressure_Vessel,41,7508.816117329958
GWO,Pressure_Vessel,42,5870.650144092673
GWO,Pressure_Vessel,43,5870.631981263163
GWO,Pressure_Vessel,44,5870.952252595682
GWO,Pressure_Vessel,45,5870.421736359074
GWO,Pressure_Vessel,46,5870.503105950774
GWO,Pressure_Vessel,47,5871.150302342629
GWO,Pressure_Vessel,48,5870.665150130179
GWO,Pressure_Vessel,49,5870.668621744032
GWO,Tension_Spring,0,0.012719447360270962
GWO,Tension_Spring,1,0.01272212496681701
GWO,Tension_Spring,2,0.012721174815363905
GWO,Tension_Spring,3,0.012685653747592496
GWO,Tension_Spring,4,0.012719753064742989
GWO,Tension_Spring,5,0.012723079935502063
GWO,Tension_Spring,6,0.012704674369380635
GWO,Tension_Spring,7,0.012722147846775882
GWO,Tension_Spring,8,0.012669704849429789
GWO,Tension_Spring,9,0.012710980501117132
GWO,Tension_Spring,10,0.012689279239103322
GWO,Tension_Spring,11,0.012720003613112412
GWO,Tension_Spring,12,0.012705381912289688
GWO,Tension_Spring,13,0.012691408999981429
GWO,Tension_Spring,14,0.012694514309328185
GWO,Tension_Spring,15,0.012694262305714752
GWO,Tension_Spring,16,0.012675290025555997
GWO,Tension_Spring,17,0.012676666809781896
GWO,Tension_Spring,18,0.012706721337689695
GWO,Tension_Spring,19,0.01272358504111411
GWO,Tension_Spring,20,0.0127195966294761
GWO,Tension_Spring,21,0.01272263326885784
GWO,Tension_Spring,22,0.012722453970695848
GWO,Tension_Spring,23,0.012724111519580686
GWO,Tension_Spring,24,0.012710784957106765
GWO,Tension_Spring,25,0.012876509980647759
GWO,Tension_Spring,26,0.012725021243211499
GWO,Tension_Spring,27,0.012723556227328344
GWO,Tension_Spring,28,0.012685449144282513
GWO,Tension_Spring,29,0.012711663423554424
GWO,Tension_Spring,30,0.012691695153317108
GWO,Tension_Spring,31,0.01272291586792271
GWO,Tension_Spring,32,0.012687107602630997
GWO,Tension_Spring,33,0.012825660292737054
GWO,Tension_Spring,34,0.01272312050397965
GWO,Tension_Spring,35,0.012756256206871803
GWO,Tension_Spring,36,0.012721671569342813
GWO,Tension_Spring,37,0.012720075139034238
GWO,Tension_Spring,38,0.012721802351346217
GWO,Tension_Spring,39,0.012673533676763063
GWO,Tension_Spring,40,0.012722151711074062
GWO,Tension_Spring,41,0.012719687580447924
GWO,Tension_Spring,42,0.012675501746436035
GWO,Tension_Spring,43,0.012705339025798795
GWO,Tension_Spring,44,0.012720759311052057
GWO,Tension_Spring,45,0.012719395386794896
GWO,Tension_Spring,46,0.012726530344658083
GWO,Tension_Spring,47,0.01268334066315239
GWO,Tension_Spring,48,0.012726174671387749
GWO,Tension_Spring,49,0.012721806826614016
GWO,Speed_Reducer,0,2309.4505295928525
GWO,Speed_Reducer,1,-21801.51256077954
GWO,Speed_Reducer,2,-21837.5386750494
GWO,Speed_Reducer,3,2510.102245243084
GWO,Speed_Reducer,4,-21836.485891996384
GWO,Speed_Reducer,5,-21820.1664125427
GWO,Speed_Reducer,6,-21805.325516112585
GWO,Speed_Reducer,7,-21824.010727161367
GWO,Speed_Reducer,8,2536.9288929814525
GWO,Speed_Reducer,9,-21816.102252270663
GWO,Speed_Reducer,10,-21850.32556449606
GWO,Speed_Reducer,11,-21836.297049168235
GWO,Speed_Reducer,12,2513.320138696431
GWO,Speed_Reducer,13,-21838.734342177817
GWO,Speed_Reducer,14,-21834.46561816915
GWO,Speed_Reducer,15,2480.494035265059
GWO,Speed_Reducer,16,-21826.088109089174
GWO,Speed_Reducer,17,-21833.699063054348
GWO,Speed_Reducer,18,-21811.953820307426
GWO,Speed_Reducer,19,2488.485809510551
GWO,Speed_Reducer,20,-21851.28597320868
GWO,Speed_Reducer,21,2486.0420842366875
GWO,Speed_Reducer,22,-21840.614647927894
GWO,Speed_Reducer,23,-21833.230045246364
GWO,Speed_Reducer,24,-21851.909929470272
GWO,Speed_Reducer,25,2465.5666558125117
GWO,Speed_Reducer,26,-21843.081443953644
GWO,Speed_Reducer,27,-21825.230624397373
GWO,Speed_Reducer,28,-21855.690245994065
GWO,Speed_Reducer,29,-21825.134463305843
GWO,Speed_Reducer,30,2506.775222752814
GWO,Speed_Reducer,31,-21845.480378459008
GWO,Speed_Reducer,32,2590.88601547585
GWO,Speed_Reducer,33,-21850.545983698015
GWO,Speed_Reducer,34,-21825.43895564635
GWO,Speed_Reducer,35,-21821.06206735225
GWO,Speed_Reducer,36,-21852.86468230924
GWO,Speed_Reducer,37,2501.617391961056
GWO,Speed_Reducer,38,1684.5500085294932
GWO,Speed_Reducer,39,-21834.17735457294
GWO,Speed_Reducer,40,-21833.426385922496
GWO,Speed_Reducer,41,-21838.037494358818
GWO,Speed_Reducer,42,2514.896463331096
GWO,Speed_Reducer,43,-21815.967979259316
GWO,Speed_Reducer,44,-21840.06807234975
GWO,Speed_Reducer,45,-21830.6308231474
GWO,Speed_Reducer,46,2506.191347838886
GWO,Speed_Reducer,47,-21849.51919566322
GWO,Speed_Reducer,48,-21845.376702921025
GWO,Speed_Reducer,49,2500.6597410810564
GWO,Three_Bar_Truss,0,263.8915152341717
GWO,Three_Bar_Truss,1,263.8917943430666
GWO,Three_Bar_Truss,2,263.89149936359104
GWO,Three_Bar_Truss,3,263.89195809156735
GWO,Three_Bar_Truss,4,282.840213272401
GWO,Three_Bar_Truss,5,263.8919867285248
GWO,Three_Bar_Truss,6,263.89157667306756
GWO,Three_Bar_Truss,7,263.89150705364244
GWO,Three_Bar_Truss,8,263.8915383006394
GWO,Three_Bar_Truss,9,263.8915025009509
GWO,Three_Bar_Truss,10,263.89165285662966
GWO,Three_Bar_Truss,11,263.8915050836752
GWO,Three_Bar_Truss,12,263.89165023950346
GWO,Three_Bar_Truss,13,263.8915594677602
GWO,Three_Bar_Truss,14,263.8915508257283
GWO,Three_Bar_Truss,15,263.89160351354997
GWO,Three_Bar_Truss,16,263.89150207439155
GWO,Three_Bar_Truss,17,263.89150950220676
GWO,Three_Bar_Truss,18,263.89161871276093
GWO,Three_Bar_Truss,19,263.8915481489432
GWO,Three_Bar_Truss,20,263.8915373529929
GWO,Three_Bar_Truss,21,263.8916241353088
GWO,Three_Bar_Truss,22,263.89154518139634
GWO,Three_Bar_Truss,23,263.8916625896524
GWO,Three_Bar_Truss,24,263.8914989878568
GWO,Three_Bar_Truss,25,263.891735865225
GWO,Three_Bar_Truss,26,263.8915379185524
GWO,Three_Bar_Truss,27,263.8915214075623
GWO,Three_Bar_Truss,28,263.8915669031823
GWO,Three_Bar_Truss,29,282.8402128647787
GWO,Three_Bar_Truss,30,263.8915531950092
GWO,Three_Bar_Truss,31,263.89151420895985
GWO,Three_Bar_Truss,32,263.89165978955606
GWO,Three_Bar_Truss,33,263.8915212218348
GWO,Three_Bar_Truss,34,263.891540395843
GWO,Three_Bar_Truss,35,263.89160327462173
GWO,Three_Bar_Truss,36,263.89235429004054
GWO,Three_Bar_Truss,37,263.8914928631699
GWO,Three_Bar_Truss,38,263.89170024237575
GWO,Three_Bar_Truss,39,263.89173715909845
GWO,Three_Bar_Truss,40,282.8402169693415
GWO,Three_Bar_Truss,41,263.8915173580525
GWO,Three_Bar_Truss,42,263.89252292432786
GWO,Three_Bar_Truss,43,263.8915363481533
GWO,Three_Bar_Truss,44,263.89206202402687
GWO,Three_Bar_Truss,45,263.8915296770595
GWO,Three_Bar_Truss,46,263.8922712797051
GWO,Three_Bar_Truss,47,263.89225791996546
GWO,Three_Bar_Truss,48,263.89149871044754
GWO,Three_Bar_Truss,49,263.89175216340794
WOA,Welded_Beam,0,1.6957092265756004
WOA,Welded_Beam,1,1.6994652913752122
WOA,Welded_Beam,2,1.6968759218645357
WOA,Welded_Beam,3,1.7054887037174808
WOA,Welded_Beam,4,1.7055773989638117
WOA,Welded_Beam,5,1.7000580767889253
WOA,Welded_Beam,6,1.7010154165345375
WOA,Welded_Beam,7,1.7053286060231785
WOA,Welded_Beam,8,1.7007063362332742
WOA,Welded_Beam,9,1.6962605947251486
WOA,Welded_Beam,10,1.6964232138067041
WOA,Welded_Beam,11,1.698163008321423
WOA,Welded_Beam,12,1.742618898255667
WOA,Welded_Beam,13,1.698291021700195
WOA,Welded_Beam,14,1.6964628475465175
WOA,Welded_Beam,15,1.7144860919484155
WOA,Welded_Beam,16,1.699603422939493
WOA,Welded_Beam,17,1.7022701474712036
WOA,Welded_Beam,18,1.6973577166566234
WOA,Welded_Beam,19,1.7038624870629753
WOA,Welded_Beam,20,1.7012821369454272
WOA,Welded_Beam,21,1.6958612339761618
WOA,Welded_Beam,22,1.705683540146514
WOA,Welded_Beam,23,1.6979404460887524
WOA,Welded_Beam,24,1.6971869465679608
WOA,Welded_Beam,25,1.698464359052894
WOA,Welded_Beam,26,1.6977923617173662
WOA,Welded_Beam,27,1.732614370886262
WOA,Welded_Beam,28,1.7014499102173395
WOA,Welded_Beam,29,1.7007232405026627
WOA,Welded_Beam,30,1.6981761711960541
WOA,Welded_Beam,31,1.704386062873328
WOA,Welded_Beam,32,1.7034059613276462
WOA,Welded_Beam,33,1.699119947545015
WOA,Welded_Beam,34,1.6995912970395248
WOA,Welded_Beam,35,1.6983592796719804
WOA,Welded_Beam,36,1.6989307914093528
WOA,Welded_Beam,37,1.6974553294343024
WOA,Welded_Beam,38,1.7016198059435863
WOA,Welded_Beam,39,1.6981502291020316
WOA,Welded_Beam,40,1.7057966900225856
WOA,Welded_Beam,41,1.701659434113644
WOA,Welded_Beam,42,1.703889911338028
WOA,Welded_Beam,43,1.6960907860548433
WOA,Welded_Beam,44,1.7185531628836994
WOA,Welded_Beam,45,1.6994362495874826
WOA,Welded_Beam,46,1.7096740507581836
WOA,Welded_Beam,47,1.7014164571555621
WOA,Welded_Beam,48,1.6982982966103228
WOA,Welded_Beam,49,1.7039354409453167
WOA,Pressure_Vessel,0,7513.852022315941
WOA,Pressure_Vessel,1,7513.559990647848
WOA,Pressure_Vessel,2,5870.131248003528
WOA,Pressure_Vessel,3,5886.630099993086
WOA,Pressure_Vessel,4,6161.598506155683
WOA,Pressure_Vessel,5,5899.421228700039
WOA,Pressure_Vessel,6,7514.144501438574
WOA,Pressure_Vessel,7,7480.88511414871
WOA,Pressure_Vessel,8,7515.043922719985
WOA,Pressure_Vessel,9,6146.982451503983
WOA,Pressure_Vessel,10,5987.6422240481215
WOA,Pressure_Vessel,11,5871.454082586341
WOA,Pressure_Vessel,12,7514.007263783098
WOA,Pressure_Vessel,13,5870.187931348152
WOA,Pressure_Vessel,14,7514.2241945503
WOA,Pressure_Vessel,15,5881.52924187402
WOA,Pressure_Vessel,16,5870.161786492142
WOA,Pressure_Vessel,17,5870.447095000651
WOA,Pressure_Vessel,18,7511.382850531235
WOA,Pressure_Vessel,19,6308.2322851670615
WOA,Pressure_Vessel,20,6864.644406830406
WOA,Pressure_Vessel,21,5870.617196865881
WOA,Pressure_Vessel,22,7508.107544781882
WOA,Pressure_Vessel,23,5870.195516115659
WOA,Pressure_Vessel,24,7513.695291666178
WOA,Pressure_Vessel,25,6449.4580983627
WOA,Pressure_Vessel,26,5870.814233802959
WOA,Pressure_Vessel,27,7514.066562202223
WOA,Pressure_Vessel,28,7513.667829367558
WOA,Pressure_Vessel,29,5870.511100671893
WOA,Pressure_Vessel,30,6020.0402405502045
WOA,Pressure_Vessel,31,5905.480742453345
WOA,Pressure_Vessel,32,7466.469017334444
WOA,Pressure_Vessel,33,6151.472771981498
WOA,Pressure_Vessel,34,5870.440297271851
WOA,Pressure_Vessel,35,6949.491602906534
WOA,Pressure_Vessel,36,5870.334442613532
WOA,Pressure_Vessel,37,5870.526595061311
WOA,Pressure_Vessel,38,5999.464673281941
WOA,Pressure_Vessel,39,7398.194297193312
WOA,Pressure_Vessel,40,5870.5507610591385
WOA,Pressure_Vessel,41,5871.265737878746
WOA,Pressure_Vessel,42,7125.164446969612
WOA,Pressure_Vessel,43,6713.069859750242
WOA,Pressure_Vessel,44,5870.238495613687
WOA,Pressure_Vessel,45,7510.5788360928445
WOA,Pressure_Vessel,46,5870.231278323378
WOA,Pressure_Vessel,47,5932.295758546298
WOA,Pressure_Vessel,48,6320.609334593672
WOA,Pressure_Vessel,49,5906.180595199711
WOA,Tension_Spring,0,0.012766629568996974
WOA,Tension_Spring,1,0.01271943033282311
WOA,Tension_Spring,2,0.013028851643247314
WOA,Tension_Spring,3,0.012704094745279046
WOA,Tension_Spring,4,0.012708551622392424
WOA,Tension_Spring,5,0.01307845823956425
WOA,Tension_Spring,6,0.01272286494352938
WOA,Tension_Spring,7,0.01270733355310618
WOA,Tension_Spring,8,0.01273080011439061
WOA,Tension_Spring,9,0.012690523539929496
WOA,Tension_Spring,10,0.012724061468348466
WOA,Tension_Spring,11,0.012673241717768013
WOA,Tension_Spring,12,0.012688752832248821
WOA,Tension_Spring,13,0.012986764080808741
WOA,Tension_Spring,14,0.012708085391964564
WOA,Tension_Spring,15,0.012670645669067615
WOA,Tension_Spring,16,0.012720563281890753
WOA,Tension_Spring,17,0.012723775223049509
WOA,Tension_Spring,18,0.012906682279372438
WOA,Tension_Spring,19,0.012702014358226236
WOA,Tension_Spring,20,0.01272127645549163
WOA,Tension_Spring,21,0.0127162185595326
WOA,Tension_Spring,22,0.012680248489204014
WOA,Tension_Spring,23,0.012725871315692059
WOA,Tension_Spring,24,0.013878585777793826
WOA,Tension_Spring,25,0.014631106570073566
WOA,Tension_Spring,26,0.013853567572656978
WOA,Tension_Spring,27,0.012692459493269038
WOA,Tension_Spring,28,0.013227726697049353
WOA,Tension_Spring,29,0.012667404565045967
WOA,Tension_Spring,30,0.01320233533207233
WOA,Tension_Spring,31,0.012701665665369689
WOA,Tension_Spring,32,0.01272202542027736
WOA,Tension_Spring,33,0.012726194626378749
WOA,Tension_Spring,34,0.013161462505831757
WOA,Tension_Spring,35,0.012702950784815717
WOA,Tension_Spring,36,0.013174231348638401
WOA,Tension_Spring,37,0.012724395882380975
WOA,Tension_Spring,38,0.014171102571444912
WOA,Tension_Spring,39,0.012675825743071543
WOA,Tension_Spring,40,0.013093403867878797
WOA,Tension_Spring,41,0.013793921255191842
WOA,Tension_Spring,42,0.01305994631241195
WOA,Tension_Spring,43,0.012722601417598357
WOA,Tension_Spring,44,0.013109416796020457
WOA,Tension_Spring,45,0.012688950576116052
WOA,Tension_Spring,46,0.012702869862296408
WOA,Tension_Spring,47,0.013726813230594654
WOA,Tension_Spring,48,0.012670154401378723
WOA,Tension_Spring,49,0.013899460275895859
WOA,Speed_Reducer,0,2566.241487127746
WOA,Speed_Reducer,1,2708.3749621568454
WOA,Speed_Reducer,2,2656.8095606864763
WOA,Speed_Reducer,3,-21836.09562168517
WOA,Speed_Reducer,4,-21850.343107681892
WOA,Speed_Reducer,5,-21849.36596191457
WOA,Speed_Reducer,6,-21857.545067105337
WOA,Speed_Reducer,7,-21801.756446019885
WOA,Speed_Reducer,8,-21854.141787355496
WOA,Speed_Reducer,9,2454.106071840359
WOA,Speed_Reducer,10,-21831.636021651546
WOA,Speed_Reducer,11,-21848.44889663856
WOA,Speed_Reducer,12,-21851.032865982957
WOA,Speed_Reducer,13,-21814.874928762863
WOA,Speed_Reducer,14,2357.805719413031
WOA,Speed_Reducer,15,2743.248209963036
WOA,Speed_Reducer,16,-21805.114807403257
WOA,Speed_Reducer,17,2744.738083741986
WOA,Speed_Reducer,18,2417.68368907379
WOA,Speed_Reducer,19,-21855.79557518355
WOA,Speed_Reducer,20,-21853.40721845555
WOA,Speed_Reducer,21,2609.266273894533
WOA,Speed_Reducer,22,-21865.02996964252
WOA,Speed_Reducer,23,-21835.17211521583
WOA,Speed_Reducer,24,-21858.86377264532
WOA,Speed_Reducer,25,-21860.19594888636
WOA,Speed_Reducer,26,2597.4923774288495
WOA,Speed_Reducer,27,2712.824043163743
WOA,Speed_Reducer,28,2649.3415826762835
WOA,Speed_Reducer,29,-21859.850671002816
WOA,Speed_Reducer,30,-21859.03075740936
WOA,Speed_Reducer,31,-21863.691577533107
WOA,Speed_Reducer,32,-21831.23922629182
WOA,Speed_Reducer,33,2703.3635726691223
WOA,Speed_Reducer,34,2675.4928790503754
WOA,Speed_Reducer,35,-21845.459081728364
WOA,Speed_Reducer,36,2554.0477757035537
WOA,Speed_Reducer,37,-21855.291592590525
WOA,Speed_Reducer,38,-21853.562218288316
WOA,Speed_Reducer,39,-21843.392276890583
WOA,Speed_Reducer,40,-21865.230536069175
WOA,Speed_Reducer,41,-21817.177164709992
WOA,Speed_Reducer,42,-21840.67109607414
WOA,Speed_Reducer,43,2555.6780078066763
WOA,Speed_Reducer,44,-21823.589658106066
WOA,Speed_Reducer,45,2682.3311264549357
WOA,Speed_Reducer,46,2623.282093666621
WOA,Speed_Reducer,47,2511.9876655400444
WOA,Speed_Reducer,48,2703.2751148861776
WOA,Speed_Reducer,49,-21849.741357224248
WOA,Three_Bar_Truss,0,263.8943975980822
WOA,Three_Bar_Truss,1,263.891706238853
WOA,Three_Bar_Truss,2,263.89152159952795
WOA,Three_Bar_Truss,3,263.8915355898955
WOA,Three_Bar_Truss,4,263.8916018241057
WOA,Three_Bar_Truss,5,263.89157967173196
WOA,Three_Bar_Truss,6,263.89164617641813
WOA,Three_Bar_Truss,7,263.89162761728056
WOA,Three_Bar_Truss,8,263.89169179475414
WOA,Three_Bar_Truss,9,263.89149166861705
WOA,Three_Bar_Truss,10,263.8915971869679
WOA,Three_Bar_Truss,11,263.8916277862516
WOA,Three_Bar_Truss,12,263.9004693745041
WOA,Three_Bar_Truss,13,263.8915082884242
WOA,Three_Bar_Truss,14,263.89239575314303
WOA,Three_Bar_Truss,15,263.8921738765047
WOA,Three_Bar_Truss,16,263.89393651226317
WOA,Three_Bar_Truss,17,263.8918219496097
WOA,Three_Bar_Truss,18,263.89150472782103
WOA,Three_Bar_Truss,19,263.89154756875485
WOA,Three_Bar_Truss,20,263.8915998163157
WOA,Three_Bar_Truss,21,263.8915315400798
WOA,Three_Bar_Truss,22,263.8922162476858
WOA,Three_Bar_Truss,23,263.8914922691199
WOA,Three_Bar_Truss,24,263.8915687977819
WOA,Three_Bar_Truss,25,263.8922482484776
WOA,Three_Bar_Truss,26,263.8915297068027
WOA,Three_Bar_Truss,27,263.89149152349665
WOA,Three_Bar_Truss,28,263.8917352675826
WOA,Three_Bar_Truss,29,282.84021256300264
WOA,Three_Bar_Truss,30,263.891493577606
WOA,Three_Bar_Truss,31,263.89158596877695
WOA,Three_Bar_Truss,32,263.89177362709785
WOA,Three_Bar_Truss,33,282.84021256300264
WOA,Three_Bar_Truss,34,282.84021256300264
WOA,Three_Bar_Truss,35,263.89149114823584
WOA,Three_Bar_Truss,36,263.8924843757796
WOA,Three_Bar_Truss,37,263.8935876677338
WOA,Three_Bar_Truss,38,263.89149638569813
WOA,Three_Bar_Truss,39,263.89205366946067
WOA,Three_Bar_Truss,40,263.8920956790887
WOA,Three_Bar_Truss,41,263.89169033225284
WOA,Three_Bar_Truss,42,263.8915430356898
WOA,Three_Bar_Truss,43,263.89151581955105
WOA,Three_Bar_Truss,44,263.8914911192684
WOA,Three_Bar_Truss,45,263.89164047183664
WOA,Three_Bar_Truss,46,282.84021256300264
WOA,Three_Bar_Truss,47,263.89242641148013
WOA,Three_Bar_Truss,48,282.84021256300264
WOA,Three_Bar_Truss,49,263.8914911254857
HHO,Welded_Beam,0,4.435129481918733
HHO,Welded_Beam,1,4.191099422527541
HHO,Welded_Beam,2,2.1112046365567703
HHO,Welded_Beam,3,2.016421084735491
HHO,Welded_Beam,4,2.4318264988348828
HHO,Welded_Beam,5,4.478546792421579
HHO,Welded_Beam,6,2.737275864922817
HHO,Welded_Beam,7,1.7833431765429506
HHO,Welded_Beam,8,2.018196339418568
HHO,Welded_Beam,9,1.8995890753496767
HHO,Welded_Beam,10,6.056725112199414
HHO,Welded_Beam,11,2.4375011430402953
HHO,Welded_Beam,12,1.9440009980949806
HHO,Welded_Beam,13,3.9425294788627196
HHO,Welded_Beam,14,2.205377680285603
HHO,Welded_Beam,15,4.4284905735107545
HHO,Welded_Beam,16,1.9274180228270437
HHO,Welded_Beam,17,1.7644854432362815
HHO,Welded_Beam,18,3.7711778194891137
HHO,Welded_Beam,19,5.575566263391778
HHO,Welded_Beam,20,2.441414181261962
HHO,Welded_Beam,21,3.427496383179616
HHO,Welded_Beam,22,2.051553392437203
HHO,Welded_Beam,23,3.165618012135841
HHO,Welded_Beam,24,5.1909346043391835
HHO,Welded_Beam,25,2.8619686657613155
HHO,Welded_Beam,26,3.003819352204495
HHO,Welded_Beam,27,1.9596609581388011
HHO,Welded_Beam,28,2.2678766319278707
HHO,Welded_Beam,29,2.644319414732594
HHO,Welded_Beam,30,2.8190976011632753
HHO,Welded_Beam,31,2.529371351632161
HHO,Welded_Beam,32,4.269534635856528
HHO,Welded_Beam,33,2.6205616026221294
HHO,Welded_Beam,34,2.0482568610681486
HHO,Welded_Beam,35,1.7876240294643302
HHO,Welded_Beam,36,1.9804848848598406
HHO,Welded_Beam,37,3.6547117639029296
HHO,Welded_Beam,38,1.8312190098743006
HHO,Welded_Beam,39,5.00648401326068
HHO,Welded_Beam,40,4.528457207922382
HHO,Welded_Beam,41,2.4800081420586144
HHO,Welded_Beam,42,4.116801844753677
HHO,Welded_Beam,43,2.833680302528872
HHO,Welded_Beam,44,2.837676774128699
HHO,Welded_Beam,45,4.158289388618665
HHO,Welded_Beam,46,5.300294987263789
HHO,Welded_Beam,47,2.7695906619241515
HHO,Welded_Beam,48,2.530902343994451
HHO,Welded_Beam,49,3.303029943780275
HHO,Pressure_Vessel,0,7691.710550136793
HHO,Pressure_Vessel,1,7295.759187096836
HHO,Pressure_Vessel,2,6848.502802450406
HHO,Pressure_Vessel,3,7399.944072801197
HHO,Pressure_Vessel,4,7589.209616399978
HHO,Pressure_Vessel,5,7862.998366620329
HHO,Pressure_Vessel,6,8058.8839706397775
HHO,Pressure_Vessel,7,7549.921805969113
HHO,Pressure_Vessel,8,6251.988042386526
HHO,Pressure_Vessel,9,7110.6586369149045
HHO,Pressure_Vessel,10,7313.056067827436
HHO,Pressure_Vessel,11,8355.635683794872
HHO,Pressure_Vessel,12,7545.076384861108
HHO,Pressure_Vessel,13,7672.5211760309685
HHO,Pressure_Vessel,14,7883.3209573272325
HHO,Pressure_Vessel,15,7922.530659939486
HHO,Pressure_Vessel,16,6633.21857889205
HHO,Pressure_Vessel,17,6925.720295148175
HHO,Pressure_Vessel,18,7124.191925455584
HHO,Pressure_Vessel,19,8508.910225795777
HHO,Pressure_Vessel,20,6231.488871130038
HHO,Pressure_Vessel,21,6773.3701451077
HHO,Pressure_Vessel,22,8630.240142786266
HHO,Pressure_Vessel,23,6119.801079161022
HHO,Pressure_Vessel,24,7270.609548499647
HHO,Pressure_Vessel,25,7572.747496472352
HHO,Pressure_Vessel,26,6872.199852408989
HHO,Pressure_Vessel,27,7658.735465997496
HHO,Pressure_Vessel,28,7694.023371663047
HHO,Pressure_Vessel,29,6766.933532542652
HHO,Pressure_Vessel,30,8820.273041166281
HHO,Pressure_Vessel,31,7126.217837818318
HHO,Pressure_Vessel,32,8206.338547099303
HHO,Pressure_Vessel,33,7637.7862084080825
HHO,Pressure_Vessel,34,7637.946578063468
HHO,Pressure_Vessel,35,7393.504184314739
HHO,Pressure_Vessel,36,6922.301107952209
HHO,Pressure_Vessel,37,7249.725583942242
HHO,Pressure_Vessel,38,7658.583813488014
HHO,Pressure_Vessel,39,7496.8854558872645
HHO,Pressure_Vessel,40,7636.920164731856
HHO,Pressure_Vessel,41,6993.538274024371
HHO,Pressure_Vessel,42,7968.307528986465
HHO,Pressure_Vessel,43,7000.428574774964
HHO,Pressure_Vessel,44,6540.8042270884725
HHO,Pressure_Vessel,45,6998.675891746244
HHO,Pressure_Vessel,46,7289.58137221875
HHO,Pressure_Vessel,47,6883.666441325971
HHO,Pressure_Vessel,48,7160.208119793377
HHO,Pressure_Vessel,49,7244.624167534075
HHO,Tension_Spring,0,0.012898114893604854
HHO,Tension_Spring,1,0.016964217600637724
HHO,Tension_Spring,2,0.014356331914788245
HHO,Tension_Spring,3,0.018041438094272576
HHO,Tension_Spring,4,0.012813700980954848
HHO,Tension_Spring,5,0.024569419648068004
HHO,Tension_Spring,6,0.02209789381518903
HHO,Tension_Spring,7,0.0163986501272569
HHO,Tension_Spring,8,0.013717532445094834
HHO,Tension_Spring,9,0.02123869398736293
HHO,Tension_Spring,10,0.012709342691415628
HHO,Tension_Spring,11,0.01967003975893335
HHO,Tension_Spring,12,0.0174285356031053
HHO,Tension_Spring,13,0.012666061200678844
HHO,Tension_Spring,14,0.015035299295073553
HHO,Tension_Spring,15,0.021807690780206144
HHO,Tension_Spring,16,0.012894608016822729
HHO,Tension_Spring,17,0.01408443657240756
HHO,Tension_Spring,18,0.01269646814735331
HHO,Tension_Spring,19,0.013855230851299886
HHO,Tension_Spring,20,0.024512459463791807
HHO,Tension_Spring,21,0.01699341746526848
HHO,Tension_Spring,22,0.019324055271525295
HHO,Tension_Spring,23,0.013350831413451456
HHO,Tension_Spring,24,0.02349636026258442
HHO,Tension_Spring,25,0.01398366926832773
HHO,Tension_Spring,26,0.024975814404377707
HHO,Tension_Spring,27,0.014686698045047197
HHO,Tension_Spring,28,0.01304719703989243
HHO,Tension_Spring,29,0.014449066742303568
HHO,Tension_Spring,30,0.0143596816915451
HHO,Tension_Spring,31,0.01546105554572654
HHO,Tension_Spring,32,0.013512913176343823
HHO,Tension_Spring,33,0.020888562292327648
HHO,Tension_Spring,34,0.016844802342124324
HHO,Tension_Spring,35,0.015266023315990194
HHO,Tension_Spring,36,0.013842921250052076
HHO,Tension_Spring,37,0.017045292018117317
HHO,Tension_Spring,38,0.014466043438102648
HHO,Tension_Spring,39,0.019463061700901584
HHO,Tension_Spring,40,0.016134031168122058
HHO,Tension_Spring,41,0.021514209297159935
HHO,Tension_Spring,42,0.020528964801263726
HHO,Tension_Spring,43,0.024997062332326233
HHO,Tension_Spring,44,0.023213586979468896
HHO,Tension_Spring,45,0.012708874592916537
HHO,Tension_Spring,46,0.02267939355360199
HHO,Tension_Spring,47,0.01678741994036143
HHO,Tension_Spring,48,0.02268736676674445
HHO,Tension_Spring,49,0.02228167151906711
HHO,Speed_Reducer,0,2986.8043243696247
HHO,Speed_Reducer,1,2691.3501307069446
HHO,Speed_Reducer,2,2646.8584916308623
HHO,Speed_Reducer,3,2325.633079521138
HHO,Speed_Reducer,4,3205.1137719067574
HHO,Speed_Reducer,5,-20618.548126364534
HHO,Speed_Reducer,6,3058.156584853491
HHO,Speed_Reducer,7,2425.3019232166553
HHO,Speed_Reducer,8,-21368.42574481517
HHO,Speed_Reducer,9,2892.675504410938
HHO,Speed_Reducer,10,2183.9319039070824
HHO,Speed_Reducer,11,-20378.927371115322
HHO,Speed_Reducer,12,-21732.59883368822
HHO,Speed_Reducer,13,3206.1421901324143
HHO,Speed_Reducer,14,2932.1250476533
HHO,Speed_Reducer,15,2527.3615908621186
HHO,Speed_Reducer,16,2734.921700836149
HHO,Speed_Reducer,17,2766.815397328372
HHO,Speed_Reducer,18,-21720.55117883248
HHO,Speed_Reducer,19,2752.441577479435
HHO,Speed_Reducer,20,2808.9711083356447
HHO,Speed_Reducer,21,-21189.38415098865
HHO,Speed_Reducer,22,2670.3239882396138
HHO,Speed_Reducer,23,1326.9113892167231
HHO,Speed_Reducer,24,1896.6939642863465
HHO,Speed_Reducer,25,2725.023104163641
HHO,Speed_Reducer,26,2639.7896426033153
HHO,Speed_Reducer,27,2901.278718110891
HHO,Speed_Reducer,28,2257.5953789472514
HHO,Speed_Reducer,29,2829.347011775356
HHO,Speed_Reducer,30,1910.782155192922
HHO,Speed_Reducer,31,2123.317099657568
HHO,Speed_Reducer,32,2845.4860214476053
HHO,Speed_Reducer,33,-21405.679292810255
HHO,Speed_Reducer,34,3191.039989636562
HHO,Speed_Reducer,35,-21739.5466509636
HHO,Speed_Reducer,36,2764.6418229725405
HHO,Speed_Reducer,37,-21063.013883754415
HHO,Speed_Reducer,38,2688.618733379777
HHO,Speed_Reducer,39,2913.1033734853813
HHO,Speed_Reducer,40,-20818.111674975946
HHO,Speed_Reducer,41,2834.5098113522304
HHO,Speed_Reducer,42,2739.455656531639
HHO,Speed_Reducer,43,2591.686935824457
HHO,Speed_Reducer,44,3961.874553634144
HHO,Speed_Reducer,45,2661.108057144365
HHO,Speed_Reducer,46,3181.536095849103
HHO,Speed_Reducer,47,2295.826919288253
HHO,Speed_Reducer,48,3111.5379748857868
HHO,Speed_Reducer,49,2725.083971001742
HHO,Three_Bar_Truss,0,263.9007365079816
HHO,Three_Bar_Truss,1,263.9456668927091
HHO,Three_Bar_Truss,2,264.00442996227883
HHO,Three_Bar_Truss,3,263.9079688429599
HHO,Three_Bar_Truss,4,264.05646179404033
HHO,Three_Bar_Truss,5,263.90947584430154
HHO,Three_Bar_Truss,6,263.9300426072696
HHO,Three_Bar_Truss,7,263.96437704710166
HHO,Three_Bar_Truss,8,264.20754110243706
HHO,Three_Bar_Truss,9,263.9059397955009
HHO,Three_Bar_Truss,10,263.90448631063475
HHO,Three_Bar_Truss,11,263.98628059260113
HHO,Three_Bar_Truss,12,263.9689556954365
HHO,Three_Bar_Truss,13,264.16508575658355
HHO,Three_Bar_Truss,14,263.8925492279552
HHO,Three_Bar_Truss,15,263.916395679125
HHO,Three_Bar_Truss,16,263.94627297948824
HHO,Three_Bar_Truss,17,263.8915722119255
HHO,Three_Bar_Truss,18,264.18203344607724
HHO,Three_Bar_Truss,19,263.91214287392194
HHO,Three_Bar_Truss,20,263.9221899445558
HHO,Three_Bar_Truss,21,264.34843739536444
HHO,Three_Bar_Truss,22,263.9074302974171
HHO,Three_Bar_Truss,23,263.8933482666974
HHO,Three_Bar_Truss,24,263.89428991368845
HHO,Three_Bar_Truss,25,263.89149453243215
HHO,Three_Bar_Truss,26,263.94129459821187
HHO,Three_Bar_Truss,27,263.95915838694157
HHO,Three_Bar_Truss,28,263.8918560452898
HHO,Three_Bar_Truss,29,263.89492116103514
HHO,Three_Bar_Truss,30,264.0263407015498
HHO,Three_Bar_Truss,31,263.89149214750523
HHO,Three_Bar_Truss,32,263.9033526269428
HHO,Three_Bar_Truss,33,264.0628604690113
HHO,Three_Bar_Truss,34,263.92833599865895
HHO,Three_Bar_Truss,35,264.0194236379147
HHO,Three_Bar_Truss,36,264.18101914833954
HHO,Three_Bar_Truss,37,263.8915095515095
HHO,Three_Bar_Truss,38,263.9143736008056
HHO,Three_Bar_Truss,39,264.5011758627607
HHO,Three_Bar_Truss,40,263.9296398314737
HHO,Three_Bar_Truss,41,264.27539623996796
HHO,Three_Bar_Truss,42,263.9436480345794
HHO,Three_Bar_Truss,43,263.90204554861134
HHO,Three_Bar_Truss,44,264.1643846883454
HHO,Three_Bar_Truss,45,263.92111444283745
HHO,Three_Bar_Truss,46,264.2725450340395
HHO,Three_Bar_Truss,47,263.9957880359152
HHO,Three_Bar_Truss,48,263.96021638859554
HHO,Three_Bar_Truss,49,263.9026465265715
AOA,Welded_Beam,0,2.659812015580793
AOA,Welded_Beam,1,2.151352523510492
AOA,Welded_Beam,2,2.2999821985268616
AOA,Welded_Beam,3,1.9616267821329638
AOA,Welded_Beam,4,2.0996859471972487
AOA,Welded_Beam,5,1.8087988834452746
AOA,Welded_Beam,6,1.804067207820576
AOA,Welded_Beam,7,2.3799396844936695
AOA,Welded_Beam,8,2.7165532493082183
AOA,Welded_Beam,9,4.583282381468097
AOA,Welded_Beam,10,2.6498834543251437
AOA,Welded_Beam,11,2.607265451842376
AOA,Welded_Beam,12,3.963814644048298
AOA,Welded_Beam,13,2.005024670690162
AOA,Welded_Beam,14,2.1783961506618814
AOA,Welded_Beam,15,2.6124573939874463
AOA,Welded_Beam,16,2.201814410282885
AOA,Welded_Beam,17,2.2695045895594412
AOA,Welded_Beam,18,2.2327043042543036
AOA,Welded_Beam,19,2.663518389236596
AOA,Welded_Beam,20,2.1481041780593406
AOA,Welded_Beam,21,3.4991757362829983
AOA,Welded_Beam,22,2.600694128018854
AOA,Welded_Beam,23,2.1370204219718123
AOA,Welded_Beam,24,2.2425388113562916
AOA,Welded_Beam,25,2.233344335433414
AOA,Welded_Beam,26,1.8577990012593326
AOA,Welded_Beam,27,2.054438716022594
AOA,Welded_Beam,28,2.1243733141654837
AOA,Welded_Beam,29,2.194547777678633
AOA,Welded_Beam,30,2.2566259645096594
AOA,Welded_Beam,31,1.8733463033495812
AOA,Welded_Beam,32,2.3504258104722493
AOA,Welded_Beam,33,1.9467456209946663
AOA,Welded_Beam,34,2.2482749989941233
AOA,Welded_Beam,35,2.1906135022935405
AOA,Welded_Beam,36,2.2185981236478716
AOA,Welded_Beam,37,2.1838929840146544
AOA,Welded_Beam,38,2.753791996620607
AOA,Welded_Beam,39,2.2367833757658246
AOA,Welded_Beam,40,3.737650900587783
AOA,Welded_Beam,41,2.2146957290331852
AOA,Welded_Beam,42,3.4608594325400563
AOA,Welded_Beam,43,2.1941538046906026
AOA,Welded_Beam,44,2.307633127452202
AOA,Welded_Beam,45,2.1643987758707843
AOA,Welded_Beam,46,2.545282420622217
AOA,Welded_Beam,47,1.8448611075496177
AOA,Welded_Beam,48,2.1953169911533124
AOA,Welded_Beam,49,4.243837573120088
AOA,Pressure_Vessel,0,6178.451155398239
AOA,Pressure_Vessel,1,8728.411504906282
AOA,Pressure_Vessel,2,9813.892914312322
AOA,Pressure_Vessel,3,8471.698794027161
AOA,Pressure_Vessel,4,6198.028008273386
AOA,Pressure_Vessel,5,7021.505910364346
AOA,Pressure_Vessel,6,8893.713236125008
AOA,Pressure_Vessel,7,6183.790414237787
AOA,Pressure_Vessel,8,9713.816612539842
AOA,Pressure_Vessel,9,6989.362989768416
AOA,Pressure_Vessel,10,6151.764067682093
AOA,Pressure_Vessel,11,6067.718674275163
AOA,Pressure_Vessel,12,7092.8898529864055
AOA,Pressure_Vessel,13,6104.43356057439
AOA,Pressure_Vessel,14,6133.661974376625
AOA,Pressure_Vessel,15,6739.434111986861
AOA,Pressure_Vessel,16,8628.536600306967
AOA,Pressure_Vessel,17,6658.531890363663
AOA,Pressure_Vessel,18,7746.905778343675
AOA,Pressure_Vessel,19,5964.137120563625
AOA,Pressure_Vessel,20,6295.219395432131
AOA,Pressure_Vessel,21,5992.295851938995
AOA,Pressure_Vessel,22,6248.612621357661
AOA,Pressure_Vessel,23,9883.938126199137
AOA,Pressure_Vessel,24,23186.64876443913
AOA,Pressure_Vessel,25,6035.586300221701
AOA,Pressure_Vessel,26,6758.841644920397
AOA,Pressure_Vessel,27,6786.073162368429
AOA,Pressure_Vessel,28,7388.099076937517
AOA,Pressure_Vessel,29,6250.394756145653
AOA,Pressure_Vessel,30,6763.7790127608
AOA,Pressure_Vessel,31,6047.692190564752
AOA,Pressure_Vessel,32,5995.197323396707
AOA,Pressure_Vessel,33,21404.72856108433
AOA,Pressure_Vessel,34,6387.544388395393
AOA,Pressure_Vessel,35,8881.444645394486
AOA,Pressure_Vessel,36,6502.370386454334
AOA,Pressure_Vessel,37,9406.48745463772
AOA,Pressure_Vessel,38,11651.873493793824
AOA,Pressure_Vessel,39,6756.870365669366
AOA,Pressure_Vessel,40,6000.172707789669
AOA,Pressure_Vessel,41,6249.095171437417
AOA,Pressure_Vessel,42,5969.790474081922
AOA,Pressure_Vessel,43,5959.928463042935
AOA,Pressure_Vessel,44,5968.827573656535
AOA,Pressure_Vessel,45,8229.99525370491
AOA,Pressure_Vessel,46,7225.712786118591
AOA,Pressure_Vessel,47,5973.905401504225
AOA,Pressure_Vessel,48,8409.212069117764
AOA,Pressure_Vessel,49,6459.717666250653
AOA,Tension_Spring,0,0.013216161984707252
AOA,Tension_Spring,1,0.013202944615166133
AOA,Tension_Spring,2,0.013217143045201746
AOA,Tension_Spring,3,0.013212500155262477
AOA,Tension_Spring,4,0.013195230458815878
AOA,Tension_Spring,5,0.0132166359416894
AOA,Tension_Spring,6,0.012848779799171274
AOA,Tension_Spring,7,0.012769220663232805
AOA,Tension_Spring,8,0.013211417031793111
AOA,Tension_Spring,9,0.013205056743179032
AOA,Tension_Spring,10,0.013213563715609387
AOA,Tension_Spring,11,0.013209775278847893
AOA,Tension_Spring,12,0.013206280637129393
AOA,Tension_Spring,13,0.013207058198216878
AOA,Tension_Spring,14,0.013242608899321747
AOA,Tension_Spring,15,0.012920141659734938
AOA,Tension_Spring,16,0.013199371299397111
AOA,Tension_Spring,17,0.013204067393151558
AOA,Tension_Spring,18,0.013175725663534515
AOA,Tension_Spring,19,0.01319379711124793
AOA,Tension_Spring,20,0.01321572527196559
AOA,Tension_Spring,21,0.012810922046997287
AOA,Tension_Spring,22,0.013199404994961575
AOA,Tension_Spring,23,0.013192922760658076
AOA,Tension_Spring,24,0.013195917418371728
AOA,Tension_Spring,25,0.013206313732232338
AOA,Tension_Spring,26,0.013199846422455875
AOA,Tension_Spring,27,0.013210550524051932
AOA,Tension_Spring,28,0.013199599826465663
AOA,Tension_Spring,29,0.013201320935066447
AOA,Tension_Spring,30,0.013215620603193867
AOA,Tension_Spring,31,0.013199680390504223
AOA,Tension_Spring,32,0.013194501964713293
AOA,Tension_Spring,33,0.013214402384462028
AOA,Tension_Spring,34,0.013215310642394756
AOA,Tension_Spring,35,0.01320165842161992
AOA,Tension_Spring,36,0.013194701949171333
AOA,Tension_Spring,37,0.013194404584581536
AOA,Tension_Spring,38,0.013193338184160405
AOA,Tension_Spring,39,0.01289908737283879
AOA,Tension_Spring,40,21.580943226792936
AOA,Tension_Spring,41,0.013213585526029057
AOA,Tension_Spring,42,0.01321947051807311
AOA,Tension_Spring,43,0.013115734964481159
AOA,Tension_Spring,44,0.013199682568447424
AOA,Tension_Spring,45,0.013215099704065406
AOA,Tension_Spring,46,0.013111910147129344
AOA,Tension_Spring,47,0.013208538864261172
AOA,Tension_Spring,48,0.013218012490034908
AOA,Tension_Spring,49,0.012854820501436326
AOA,Speed_Reducer,0,2620.4542981956088
AOA,Speed_Reducer,1,2796.2905718941315
AOA,Speed_Reducer,2,2924.7728592328317
AOA,Speed_Reducer,3,2721.3070632861254
AOA,Speed_Reducer,4,-21844.588308353836
AOA,Speed_Reducer,5,-21285.519504282354
AOA,Speed_Reducer,6,-13268.160530012046
AOA,Speed_Reducer,7,-20955.49129859197
AOA,Speed_Reducer,8,2712.9113355990685
AOA,Speed_Reducer,9,2746.7732569041746
AOA,Speed_Reducer,10,3254.5835107320463
AOA,Speed_Reducer,11,2854.6478748211416
AOA,Speed_Reducer,12,-12664.419768149313
AOA,Speed_Reducer,13,2771.7213822051094
AOA,Speed_Reducer,14,-13572.779442165627
AOA,Speed_Reducer,15,3427.336673259185
AOA,Speed_Reducer,16,2743.280791534741
AOA,Speed_Reducer,17,2590.1337464835165
AOA,Speed_Reducer,18,-16054.653892988503
AOA,Speed_Reducer,19,2953.6905270331677
AOA,Speed_Reducer,20,2772.7967272858427
AOA,Speed_Reducer,21,2714.2431864521686
AOA,Speed_Reducer,22,2895.0880943500115
AOA,Speed_Reducer,23,2701.176801663449
AOA,Speed_Reducer,24,2764.9213269124534
AOA,Speed_Reducer,25,2722.9493271391866
AOA,Speed_Reducer,26,2625.5939708656592
AOA,Speed_Reducer,27,2827.871927661353
AOA,Speed_Reducer,28,2695.17840990757
AOA,Speed_Reducer,29,-13245.307180376534
AOA,Speed_Reducer,30,2790.9709942240065
AOA,Speed_Reducer,31,2713.816249484241
AOA,Speed_Reducer,32,3066.231359577154
AOA,Speed_Reducer,33,2862.9947491055104
AOA,Speed_Reducer,34,2610.977362079994
AOA,Speed_Reducer,35,3210.369383928616
AOA,Speed_Reducer,36,2945.968555821294
AOA,Speed_Reducer,37,-18145.279140603987
AOA,Speed_Reducer,38,2842.2150625069644
AOA,Speed_Reducer,39,2793.661461312076
AOA,Speed_Reducer,40,3206.1744236531927
AOA,Speed_Reducer,41,2767.412209156069
AOA,Speed_Reducer,42,2724.6004002150676
AOA,Speed_Reducer,43,-21825.395042799926
AOA,Speed_Reducer,44,-15919.905251480966
AOA,Speed_Reducer,45,2888.257048923066
AOA,Speed_Reducer,46,2684.366886235078
AOA,Speed_Reducer,47,3060.0733044735416
AOA,Speed_Reducer,48,2781.1127963056897
AOA,Speed_Reducer,49,-21500.925175035925
AOA,Three_Bar_Truss,0,264.5308926527186
AOA,Three_Bar_Truss,1,264.4537015231595
AOA,Three_Bar_Truss,2,269.81897107108
AOA,Three_Bar_Truss,3,264.71845351871696
AOA,Three_Bar_Truss,4,264.99267867854047
AOA,Three_Bar_Truss,5,264.0717661133295
AOA,Three_Bar_Truss,6,263.99312068764334
AOA,Three_Bar_Truss,7,265.02137241632016
AOA,Three_Bar_Truss,8,264.3122606812284
AOA,Three_Bar_Truss,9,265.17126533064624
AOA,Three_Bar_Truss,10,264.2760681204709
AOA,Three_Bar_Truss,11,264.08612753357994
AOA,Three_Bar_Truss,12,264.13157038796186
AOA,Three_Bar_Truss,13,264.7338542543845
AOA,Three_Bar_Truss,14,264.1691212984337
AOA,Three_Bar_Truss,15,263.8967805702829
AOA,Three_Bar_Truss,16,264.04964053348976
AOA,Three_Bar_Truss,17,265.14191538614205
AOA,Three_Bar_Truss,18,263.89603997928305
AOA,Three_Bar_Truss,19,264.15574802069324
AOA,Three_Bar_Truss,20,264.0073963542487
AOA,Three_Bar_Truss,21,264.23140044522495
AOA,Three_Bar_Truss,22,264.04059687900946
AOA,Three_Bar_Truss,23,264.27070882155977
AOA,Three_Bar_Truss,24,270.2852370201827
AOA,Three_Bar_Truss,25,264.14075643193496
AOA,Three_Bar_Truss,26,263.9884139223896
AOA,Three_Bar_Truss,27,265.020454462495
AOA,Three_Bar_Truss,28,264.34923214005147
AOA,Three_Bar_Truss,29,263.9067557940281
AOA,Three_Bar_Truss,30,264.0187880888509
AOA,Three_Bar_Truss,31,265.4316008284451
AOA,Three_Bar_Truss,32,264.2488935176851
AOA,Three_Bar_Truss,33,263.895497642129
AOA,Three_Bar_Truss,34,264.0172861130587
AOA,Three_Bar_Truss,35,263.92737978308276
AOA,Three_Bar_Truss,36,282.8187789363186
AOA,Three_Bar_Truss,37,263.8954725509764
AOA,Three_Bar_Truss,38,264.15239008557853
AOA,Three_Bar_Truss,39,263.89600397062355
AOA,Three_Bar_Truss,40,263.9204706585624
AOA,Three_Bar_Truss,41,264.0253779941451
AOA,Three_Bar_Truss,42,264.32563547616746
AOA,Three_Bar_Truss,43,263.9259717081278
AOA,Three_Bar_Truss,44,265.02137241632016
AOA,Three_Bar_Truss,45,264.40851772292694
AOA,Three_Bar_Truss,46,264.82189273401053
AOA,Three_Bar_Truss,47,265.31397312661875
AOA,Three_Bar_Truss,48,264.01334192621994
AOA,Three_Bar_Truss,49,270.1599561631551
SCA,Welded_Beam,0,1.7298919016045822
SCA,Welded_Beam,1,1.7910102263606202
SCA,Welded_Beam,2,1.7737193055144842
SCA,Welded_Beam,3,1.8206768361850518
SCA,Welded_Beam,4,1.8278677110492565
SCA,Welded_Beam,5,1.7449283214293745
SCA,Welded_Beam,6,1.8395327838042936
SCA,Welded_Beam,7,1.8116090947619776
SCA,Welded_Beam,8,1.8702587663297627
SCA,Welded_Beam,9,1.8114548307572593
SCA,Welded_Beam,10,1.8031173275585974
SCA,Welded_Beam,11,1.7903268186432175
SCA,Welded_Beam,12,1.8274756547098852
SCA,Welded_Beam,13,1.7953885719646414
SCA,Welded_Beam,14,1.7652602489143845
SCA,Welded_Beam,15,1.7702408822664664
SCA,Welded_Beam,16,1.8282274798081746
SCA,Welded_Beam,17,1.7483172787517958
SCA,Welded_Beam,18,1.8567656210222963
SCA,Welded_Beam,19,1.774605503857345
SCA,Welded_Beam,20,1.8337958220762711
SCA,Welded_Beam,21,1.8510770075458969
SCA,Welded_Beam,22,1.845663031218754
SCA,Welded_Beam,23,1.8346570527902037
SCA,Welded_Beam,24,1.7977736515195488
SCA,Welded_Beam,25,1.7963743350289363
SCA,Welded_Beam,26,1.8045037518233704
SCA,Welded_Beam,27,1.8302097646415953
SCA,Welded_Beam,28,1.8261006280666794
SCA,Welded_Beam,29,1.8162731045836724
SCA,Welded_Beam,30,1.8709367051648709
SCA,Welded_Beam,31,1.8403704338129987
SCA,Welded_Beam,32,1.8207564871596298
SCA,Welded_Beam,33,1.8488572053264878
SCA,Welded_Beam,34,1.7812526276659626
SCA,Welded_Beam,35,1.7865839501520777
SCA,Welded_Beam,36,1.8000516356230283
SCA,Welded_Beam,37,1.8398217489823554
SCA,Welded_Beam,38,1.7866927444614162
SCA,Welded_Beam,39,1.7966451005701032
SCA,Welded_Beam,40,1.8231102708136466
SCA,Welded_Beam,41,1.8567685554550737
SCA,Welded_Beam,42,1.7369474368490552
SCA,Welded_Beam,43,1.834957230108532
SCA,Welded_Beam,44,1.7870620665491248
SCA,Welded_Beam,45,1.7930750229645271
SCA,Welded_Beam,46,1.8649146324539987
SCA,Welded_Beam,47,1.764590498333871
SCA,Welded_Beam,48,1.8317046900649925
SCA,Welded_Beam,49,1.7507921459966047
SCA,Pressure_Vessel,0,8485.360956526201
SCA,Pressure_Vessel,1,8153.895666059074
SCA,Pressure_Vessel,2,8323.242726318267
SCA,Pressure_Vessel,3,8042.30930183009
SCA,Pressure_Vessel,4,7729.35272605685
SCA,Pressure_Vessel,5,6617.985150664872
SCA,Pressure_Vessel,6,7795.987271793287
SCA,Pressure_Vessel,7,8334.827528825308
SCA,Pressure_Vessel,8,7713.2665471363025
SCA,Pressure_Vessel,9,6631.335846990239
SCA,Pressure_Vessel,10,7984.45842340151
SCA,Pressure_Vessel,11,8174.09945652549
SCA,Pressure_Vessel,12,7824.055898896327
SCA,Pressure_Vessel,13,8373.689545342226
SCA,Pressure_Vessel,14,8400.235987767532
SCA,Pressure_Vessel,15,8353.942121603408
SCA,Pressure_Vessel,16,8087.432507603764
SCA,Pressure_Vessel,17,7908.5319284938005
SCA,Pressure_Vessel,18,7810.312677587002
SCA,Pressure_Vessel,19,6605.4334930547775
SCA,Pressure_Vessel,20,8046.893548173743
SCA,Pressure_Vessel,21,6804.809496694426
SCA,Pressure_Vessel,22,6255.195020226707
SCA,Pressure_Vessel,23,6292.748560898687
SCA,Pressure_Vessel,24,7884.691722780291
SCA,Pressure_Vessel,25,6471.2757520118075
SCA,Pressure_Vessel,26,8108.605139315023
SCA,Pressure_Vessel,27,6274.709073863931
SCA,Pressure_Vessel,28,6289.98101448511
SCA,Pressure_Vessel,29,8001.351475890962
SCA,Pressure_Vessel,30,7779.46967590383
SCA,Pressure_Vessel,31,7827.06337220318
SCA,Pressure_Vessel,32,8198.212388119773
SCA,Pressure_Vessel,33,6437.924900887516
SCA,Pressure_Vessel,34,6373.37116544462
SCA,Pressure_Vessel,35,6095.609763717955
SCA,Pressure_Vessel,36,6528.7281108913285
SCA,Pressure_Vessel,37,8564.343291282634
SCA,Pressure_Vessel,38,8161.261890382784
SCA,Pressure_Vessel,39,8170.359607283731
SCA,Pressure_Vessel,40,8082.436629436911
SCA,Pressure_Vessel,41,7999.333223006508
SCA,Pressure_Vessel,42,8370.183807957525
SCA,Pressure_Vessel,43,8338.90803118825
SCA,Pressure_Vessel,44,6114.761811502091
SCA,Pressure_Vessel,45,8512.955906469555
SCA,Pressure_Vessel,46,8167.127592661894
SCA,Pressure_Vessel,47,6439.3801935585525
SCA,Pressure_Vessel,48,6100.662743459535
SCA,Pressure_Vessel,49,7715.903199313911
SCA,Tension_Spring,0,0.013059292592754455
SCA,Tension_Spring,1,0.013164916714966937
SCA,Tension_Spring,2,0.013132279107528223
SCA,Tension_Spring,3,0.013130361848377244
SCA,Tension_Spring,4,0.012819393469914188
SCA,Tension_Spring,5,0.01290408715918907
SCA,Tension_Spring,6,0.01297835253345913
SCA,Tension_Spring,7,0.012839090672252248
SCA,Tension_Spring,8,0.013193909781192802
SCA,Tension_Spring,9,0.012886374409122523
SCA,Tension_Spring,10,0.012966655201998124
SCA,Tension_Spring,11,0.012840120450438308
SCA,Tension_Spring,12,0.012879990572729528
SCA,Tension_Spring,13,0.012994348576085578
SCA,Tension_Spring,14,0.013056231370046203
SCA,Tension_Spring,15,0.013051926100474617
SCA,Tension_Spring,16,0.012898484102491257
SCA,Tension_Spring,17,0.012843066765511517
SCA,Tension_Spring,18,0.013166553950137284
SCA,Tension_Spring,19,0.013024533582633694
SCA,Tension_Spring,20,0.012963319881924519
SCA,Tension_Spring,21,0.013051642899070385
SCA,Tension_Spring,22,0.013072578100640197
SCA,Tension_Spring,23,0.013206911611358603
SCA,Tension_Spring,24,0.01292904605805104
SCA,Tension_Spring,25,0.012943051827877472
SCA,Tension_Spring,26,0.012960103960581676
SCA,Tension_Spring,27,0.012758102724090215
SCA,Tension_Spring,28,0.012928240332470227
SCA,Tension_Spring,29,0.013199080606562706
SCA,Tension_Spring,30,0.012760242519647275
SCA,Tension_Spring,31,0.013159664463464865
SCA,Tension_Spring,32,0.012993412950655137
SCA,Tension_Spring,33,0.013203157380105522
SCA,Tension_Spring,34,0.013066281864410502
SCA,Tension_Spring,35,0.012938897644362558
SCA,Tension_Spring,36,0.012999195933837207
SCA,Tension_Spring,37,0.012964805300678341
SCA,Tension_Spring,38,0.012897426110972107
SCA,Tension_Spring,39,0.012833678266694832
SCA,Tension_Spring,40,0.012778653746159016
SCA,Tension_Spring,41,0.012982982813323298
SCA,Tension_Spring,42,0.01299767468699642
SCA,Tension_Spring,43,0.012972256477564061
SCA,Tension_Spring,44,0.012990654935754211
SCA,Tension_Spring,45,0.01290036068546134
SCA,Tension_Spring,46,0.013038881524042777
SCA,Tension_Spring,47,0.013042527176233323
SCA,Tension_Spring,48,0.012771453626658906
SCA,Tension_Spring,49,0.013126818886260223
SCA,Speed_Reducer,0,-8743.818060599198
SCA,Speed_Reducer,1,-14733.126915701741
SCA,Speed_Reducer,2,-12924.458682255292
SCA,Speed_Reducer,3,3617.2686099614516
SCA,Speed_Reducer,4,-18409.81602528851
SCA,Speed_Reducer,5,-18047.108026473474
SCA,Speed_Reducer,6,1388.6742411265411
SCA,Speed_Reducer,7,-13919.560591691188
SCA,Speed_Reducer,8,-16511.27161425705
SCA,Speed_Reducer,9,-16440.031803060094
SCA,Speed_Reducer,10,-17199.14179307319
SCA,Speed_Reducer,11,-19500.21295399441
SCA,Speed_Reducer,12,-17241.525424087205
SCA,Speed_Reducer,13,3310.919683048552
SCA,Speed_Reducer,14,-671.9010037410809
SCA,Speed_Reducer,15,-14676.701629026586
SCA,Speed_Reducer,16,-3028.0895729235417
SCA,Speed_Reducer,17,-15852.136745875725
SCA,Speed_Reducer,18,-17371.58207943325
SCA,Speed_Reducer,19,-16871.76607974827
SCA,Speed_Reducer,20,-17957.444733885965
SCA,Speed_Reducer,21,-16992.85225588702
SCA,Speed_Reducer,22,-2759.8196282862546
SCA,Speed_Reducer,23,5333.513852479311
SCA,Speed_Reducer,24,-17965.425758037454
SCA,Speed_Reducer,25,3845.524858060032
SCA,Speed_Reducer,26,-11185.002278551312
SCA,Speed_Reducer,27,-16149.221962029273
SCA,Speed_Reducer,28,3187.7598569619736
SCA,Speed_Reducer,29,-14729.889839996707
SCA,Speed_Reducer,30,-15688.257293289951
SCA,Speed_Reducer,31,3627.306413840109
SCA,Speed_Reducer,32,3918.4735062511036
SCA,Speed_Reducer,33,2222.1123582780233
SCA,Speed_Reducer,34,-14851.199683934377
SCA,Speed_Reducer,35,4122.939244848469
SCA,Speed_Reducer,36,-17511.67632573817
SCA,Speed_Reducer,37,-20900.860719358465
SCA,Speed_Reducer,38,-17898.055441287688
SCA,Speed_Reducer,39,3238.305503767916
SCA,Speed_Reducer,40,723.4712075436962
SCA,Speed_Reducer,41,-19555.279687320304
SCA,Speed_Reducer,42,3861.728997195096
SCA,Speed_Reducer,43,-15440.697427715917
SCA,Speed_Reducer,44,-8820.619521705012
SCA,Speed_Reducer,45,-15518.45414958468
SCA,Speed_Reducer,46,-12103.275832919884
SCA,Speed_Reducer,47,3767.136252039844
SCA,Speed_Reducer,48,-12466.674658765083
SCA,Speed_Reducer,49,-16081.994565775469
SCA,Three_Bar_Truss,0,263.9818794853055
SCA,Three_Bar_Truss,1,263.964522279839
SCA,Three_Bar_Truss,2,282.84054554796
SCA,Three_Bar_Truss,3,263.9047905129615
SCA,Three_Bar_Truss,4,263.91855471546546
SCA,Three_Bar_Truss,5,263.8967809336825
SCA,Three_Bar_Truss,6,264.0038035317599
SCA,Three_Bar_Truss,7,264.1219497332688
SCA,Three_Bar_Truss,8,264.0022947343246
SCA,Three_Bar_Truss,9,263.91154715067387
SCA,Three_Bar_Truss,10,264.02377836619826
SCA,Three_Bar_Truss,11,263.89896829592305
SCA,Three_Bar_Truss,12,263.9612959380613
SCA,Three_Bar_Truss,13,263.89569717000046
SCA,Three_Bar_Truss,14,263.8933735060587
SCA,Three_Bar_Truss,15,263.9390269911131
SCA,Three_Bar_Truss,16,264.1438701921986
SCA,Three_Bar_Truss,17,263.98391785139773
SCA,Three_Bar_Truss,18,263.9343315696226
SCA,Three_Bar_Truss,19,263.89370051027953
SCA,Three_Bar_Truss,20,263.96438860010096
SCA,Three_Bar_Truss,21,263.91497542650615
SCA,Three_Bar_Truss,22,263.9066660027746
SCA,Three_Bar_Truss,23,263.921154972944
SCA,Three_Bar_Truss,24,263.91955906414404
SCA,Three_Bar_Truss,25,282.84153110029513
SCA,Three_Bar_Truss,26,263.99305680203565
SCA,Three_Bar_Truss,27,263.9360456284636
SCA,Three_Bar_Truss,28,263.93635693121064
SCA,Three_Bar_Truss,29,263.9463669966486
SCA,Three_Bar_Truss,30,263.90792720330353
SCA,Three_Bar_Truss,31,282.84021287910997
SCA,Three_Bar_Truss,32,263.89987140571776
SCA,Three_Bar_Truss,33,263.90861749435817
SCA,Three_Bar_Truss,34,282.84256990745826
SCA,Three_Bar_Truss,35,263.9468365809607
SCA,Three_Bar_Truss,36,282.8402188917076
SCA,Three_Bar_Truss,37,263.9308161635825
SCA,Three_Bar_Truss,38,282.84054017950376
SCA,Three_Bar_Truss,39,263.9955022151961
SCA,Three_Bar_Truss,40,282.8405282051693
SCA,Three_Bar_Truss,41,282.84031153959734
SCA,Three_Bar_Truss,42,282.84024881595616
SCA,Three_Bar_Truss,43,282.8402514715391
SCA,Three_Bar_Truss,44,263.9071888692277
SCA,Three_Bar_Truss,45,263.9290513689108
SCA,Three_Bar_Truss,46,264.0077648546936
SCA,Three_Bar_Truss,47,263.9220106611211
SCA,Three_Bar_Truss,48,263.93572494640705
SCA,Three_Bar_Truss,49,263.9810376458309
SSA,Welded_Beam,0,2.317242688298851
SSA,Welded_Beam,1,2.0814175221984828
SSA,Welded_Beam,2,2.2045005691397086
SSA,Welded_Beam,3,2.322115274802493
SSA,Welded_Beam,4,1.9764847357385702
SSA,Welded_Beam,5,2.376463047669892
SSA,Welded_Beam,6,2.7511975859713576
SSA,Welded_Beam,7,2.396562220605712
SSA,Welded_Beam,8,2.6038463559917058
SSA,Welded_Beam,9,2.25695395373226
SSA,Welded_Beam,10,2.2255794558158777
SSA,Welded_Beam,11,2.7540306645090338
SSA,Welded_Beam,12,2.1424465750557453
SSA,Welded_Beam,13,2.729107130764733
SSA,Welded_Beam,14,1.8452342148516274
SSA,Welded_Beam,15,2.300743183259106
SSA,Welded_Beam,16,2.6718892564336088
SSA,Welded_Beam,17,1.9641486368241472
SSA,Welded_Beam,18,2.2988496570564907
SSA,Welded_Beam,19,1.7620177864981497
SSA,Welded_Beam,20,2.201613376225584
SSA,Welded_Beam,21,2.7357465786426665
SSA,Welded_Beam,22,2.363599365945266
SSA,Welded_Beam,23,2.197595422375024
SSA,Welded_Beam,24,1.7566922366489606
SSA,Welded_Beam,25,1.8597563536480668
SSA,Welded_Beam,26,2.07546534188074
SSA,Welded_Beam,27,2.20021549992922
SSA,Welded_Beam,28,1.9229792060226163
SSA,Welded_Beam,29,2.224802439745466
SSA,Welded_Beam,30,1.827716535135517
SSA,Welded_Beam,31,2.3932338941019475
SSA,Welded_Beam,32,2.523548644356442
SSA,Welded_Beam,33,2.0160436084111844
SSA,Welded_Beam,34,2.2712977046551814
SSA,Welded_Beam,35,2.216210676744828
SSA,Welded_Beam,36,2.878944935363616
SSA,Welded_Beam,37,2.74146353861217
SSA,Welded_Beam,38,2.1694428768816545
SSA,Welded_Beam,39,2.1981885262888605
SSA,Welded_Beam,40,1.8922676792861213
SSA,Welded_Beam,41,3.268752591990701
SSA,Welded_Beam,42,1.821536523710914
SSA,Welded_Beam,43,2.345974078849442
SSA,Welded_Beam,44,1.9803772838210214
SSA,Welded_Beam,45,2.683954474055107
SSA,Welded_Beam,46,3.3512788816523713
SSA,Welded_Beam,47,2.443799993006307
SSA,Welded_Beam,48,2.2284169914949112
SSA,Welded_Beam,49,1.932248979674031
SSA,Pressure_Vessel,0,7927.245352031598
SSA,Pressure_Vessel,1,6146.200529346297
SSA,Pressure_Vessel,2,8041.670866664972
SSA,Pressure_Vessel,3,22844.765285847716
SSA,Pressure_Vessel,4,7044.005171834316
SSA,Pressure_Vessel,5,5968.836634627089
SSA,Pressure_Vessel,6,6633.874466814148
SSA,Pressure_Vessel,7,6630.763687100305
SSA,Pressure_Vessel,8,6598.228011536454
SSA,Pressure_Vessel,9,11686.391697179191
SSA,Pressure_Vessel,10,22001.121943909537
SSA,Pressure_Vessel,11,10287.216810918575
SSA,Pressure_Vessel,12,5914.907892529759
SSA,Pressure_Vessel,13,8697.874375457493
SSA,Pressure_Vessel,14,17471.45114704828
SSA,Pressure_Vessel,15,11097.633572031706
SSA,Pressure_Vessel,16,6747.774300937658
SSA,Pressure_Vessel,17,5898.6702756389695
SSA,Pressure_Vessel,18,6416.922563382097
SSA,Pressure_Vessel,19,6382.997061406265
SSA,Pressure_Vessel,20,10079.221050584296
SSA,Pressure_Vessel,21,6341.739790621272
SSA,Pressure_Vessel,22,7030.118755801042
SSA,Pressure_Vessel,23,7870.495929447713
SSA,Pressure_Vessel,24,6007.203985777603
SSA,Pressure_Vessel,25,7361.548531016664
SSA,Pressure_Vessel,26,14020.836701900118
SSA,Pressure_Vessel,27,6146.387969478593
SSA,Pressure_Vessel,28,8219.276073451485
SSA,Pressure_Vessel,29,85351.72313237656
SSA,Pressure_Vessel,30,6201.942166903525
SSA,Pressure_Vessel,31,11713.514997989956
SSA,Pressure_Vessel,32,43492.703718725585
SSA,Pressure_Vessel,33,6088.9696415233675
SSA,Pressure_Vessel,34,9749.240597400434
SSA,Pressure_Vessel,35,6432.265702367269
SSA,Pressure_Vessel,36,6425.972188661259
SSA,Pressure_Vessel,37,39438.56488422872
SSA,Pressure_Vessel,38,6669.636052177459
SSA,Pressure_Vessel,39,6223.419598734792
SSA,Pressure_Vessel,40,8776.45526299243
SSA,Pressure_Vessel,41,6148.6180292866975
SSA,Pressure_Vessel,42,7325.956378620349
SSA,Pressure_Vessel,43,15441.311992105602
SSA,Pressure_Vessel,44,9945.406182288383
SSA,Pressure_Vessel,45,13049.118633383245
SSA,Pressure_Vessel,46,7420.86913071688
SSA,Pressure_Vessel,47,6715.3052669015915
SSA,Pressure_Vessel,48,6268.754639353021
SSA,Pressure_Vessel,49,5925.732923923506
SSA,Tension_Spring,0,0.012700661669771842
SSA,Tension_Spring,1,0.012674105668709657
SSA,Tension_Spring,2,0.012958091949954006
SSA,Tension_Spring,3,0.012791932343623408
SSA,Tension_Spring,4,0.012841138113545123
SSA,Tension_Spring,5,0.012706321996089037
SSA,Tension_Spring,6,0.012764131533510761
SSA,Tension_Spring,7,0.012675389547412343
SSA,Tension_Spring,8,0.012703458260351385
SSA,Tension_Spring,9,0.012737974617537728
SSA,Tension_Spring,10,0.01304284609787155
SSA,Tension_Spring,11,0.012703491617734545
SSA,Tension_Spring,12,0.013362365936864557
SSA,Tension_Spring,13,0.014925762799302087
SSA,Tension_Spring,14,0.013041674947455374
SSA,Tension_Spring,15,0.012695802847426751
SSA,Tension_Spring,16,0.012777516019356002
SSA,Tension_Spring,17,0.012665406380595096
SSA,Tension_Spring,18,0.012842880455891699
SSA,Tension_Spring,19,0.012678517573966298
SSA,Tension_Spring,20,0.013067860182062694
SSA,Tension_Spring,21,0.012674398497223143
SSA,Tension_Spring,22,0.012688278873101876
SSA,Tension_Spring,23,0.012669115437070727
SSA,Tension_Spring,24,0.014571133753217828
SSA,Tension_Spring,25,0.01291654116815726
SSA,Tension_Spring,26,0.01277742235673089
SSA,Tension_Spring,27,0.012668342807471897
SSA,Tension_Spring,28,0.0127090132248582
SSA,Tension_Spring,29,0.013394264525284397
SSA,Tension_Spring,30,0.018289251299773494
SSA,Tension_Spring,31,0.012703336364209136
SSA,Tension_Spring,32,0.01267178592484976
SSA,Tension_Spring,33,0.012896416035134518
SSA,Tension_Spring,34,0.012716048658395753
SSA,Tension_Spring,35,0.013830589139677614
SSA,Tension_Spring,36,0.013403898510924328
SSA,Tension_Spring,37,0.012665372493776158
SSA,Tension_Spring,38,0.01287965662576265
SSA,Tension_Spring,39,0.01272063670033467
SSA,Tension_Spring,40,0.012680867592331155
SSA,Tension_Spring,41,0.013325050269793793
SSA,Tension_Spring,42,0.018440074467630817
SSA,Tension_Spring,43,0.01269560352761929
SSA,Tension_Spring,44,0.014598003084895872
SSA,Tension_Spring,45,0.01391835051194607
SSA,Tension_Spring,46,0.012676500544279302
SSA,Tension_Spring,47,0.013031398277720832
SSA,Tension_Spring,48,0.013122409616200805
SSA,Tension_Spring,49,0.012794135631459203
SSA,Speed_Reducer,0,-16605.748154616962
SSA,Speed_Reducer,1,3540.933881513864
SSA,Speed_Reducer,2,-8575.299808219941
SSA,Speed_Reducer,3,-7731.287588193126
SSA,Speed_Reducer,4,3093.8209219466785
SSA,Speed_Reducer,5,-21077.701693983305
SSA,Speed_Reducer,6,6215.105990768077
SSA,Speed_Reducer,7,-20257.23545773431
SSA,Speed_Reducer,8,-5061.556992590259
SSA,Speed_Reducer,9,-20616.102917132892
SSA,Speed_Reducer,10,-1576.5673990825308
SSA,Speed_Reducer,11,5714.667753798912
SSA,Speed_Reducer,12,2356.0743038909427
SSA,Speed_Reducer,13,-10725.290575462297
SSA,Speed_Reducer,14,-18161.38214272507
SSA,Speed_Reducer,15,2496.9962897552623
SSA,Speed_Reducer,16,6502.616198229349
SSA,Speed_Reducer,17,-15758.566437009125
SSA,Speed_Reducer,18,-3700.7899907528044
SSA,Speed_Reducer,19,-17748.119915002335
SSA,Speed_Reducer,20,-19891.294367849732
SSA,Speed_Reducer,21,5354.068823458267
SSA,Speed_Reducer,22,-19118.641264902744
SSA,Speed_Reducer,23,5554.438212957698
SSA,Speed_Reducer,24,5089.54528753866
SSA,Speed_Reducer,25,3454.5772321197283
SSA,Speed_Reducer,26,4329.370882974824
SSA,Speed_Reducer,27,2631.476250901504
SSA,Speed_Reducer,28,-8337.63498202635
SSA,Speed_Reducer,29,-1823.8825614958823
SSA,Speed_Reducer,30,3742.8293116328177
SSA,Speed_Reducer,31,6018.676306572312
SSA,Speed_Reducer,32,-17680.619325411055
SSA,Speed_Reducer,33,4386.4595808044205
SSA,Speed_Reducer,34,-20596.758990248156
SSA,Speed_Reducer,35,-19244.4086871564
SSA,Speed_Reducer,36,3198.7901792100306
SSA,Speed_Reducer,37,-20599.869872481773
SSA,Speed_Reducer,38,5192.129765192474
SSA,Speed_Reducer,39,-20418.5058009227
SSA,Speed_Reducer,40,-13673.47769653105
SSA,Speed_Reducer,41,-17604.03979702685
SSA,Speed_Reducer,42,-18724.918443947554
SSA,Speed_Reducer,43,3390.2821753920666
SSA,Speed_Reducer,44,-19933.825184403413
SSA,Speed_Reducer,45,-15536.663861246096
SSA,Speed_Reducer,46,5200.458342099133
SSA,Speed_Reducer,47,5103.498933848834
SSA,Speed_Reducer,48,-6953.974949104144
SSA,Speed_Reducer,49,-18819.550016466164
SSA,Three_Bar_Truss,0,263.89149110008645
SSA,Three_Bar_Truss,1,263.8914911000865
SSA,Three_Bar_Truss,2,263.89149112112364
SSA,Three_Bar_Truss,3,263.8914911000878
SSA,Three_Bar_Truss,4,263.8914911000916
SSA,Three_Bar_Truss,5,263.89149110009186
SSA,Three_Bar_Truss,6,263.89149110011505
SSA,Three_Bar_Truss,7,263.8914911015064
SSA,Three_Bar_Truss,8,263.89149110008674
SSA,Three_Bar_Truss,9,263.89149110008645
SSA,Three_Bar_Truss,10,263.89149110751305
SSA,Three_Bar_Truss,11,263.8914911000864
SSA,Three_Bar_Truss,12,263.89149110009754
SSA,Three_Bar_Truss,13,263.8914911000874
SSA,Three_Bar_Truss,14,263.8914911000866
SSA,Three_Bar_Truss,15,263.89149110008634
SSA,Three_Bar_Truss,16,263.89149110008674
SSA,Three_Bar_Truss,17,263.8914911000872
SSA,Three_Bar_Truss,18,263.8914917456131
SSA,Three_Bar_Truss,19,263.89149110008645
SSA,Three_Bar_Truss,20,263.891491425315
SSA,Three_Bar_Truss,21,263.8914911000865
SSA,Three_Bar_Truss,22,263.89149110008645
SSA,Three_Bar_Truss,23,263.89149110008697
SSA,Three_Bar_Truss,24,263.8914911000868
SSA,Three_Bar_Truss,25,263.8914911000912
SSA,Three_Bar_Truss,26,263.89149111052706
SSA,Three_Bar_Truss,27,263.89149111659765
SSA,Three_Bar_Truss,28,263.891491385982
SSA,Three_Bar_Truss,29,263.8914912842012
SSA,Three_Bar_Truss,30,263.8914912913638
SSA,Three_Bar_Truss,31,263.89149110008725
SSA,Three_Bar_Truss,32,263.89149110009134
SSA,Three_Bar_Truss,33,263.8914911029907
SSA,Three_Bar_Truss,34,263.89149110008645
SSA,Three_Bar_Truss,35,263.89149110008657
SSA,Three_Bar_Truss,36,263.89149111458613
SSA,Three_Bar_Truss,37,263.8914911000875
SSA,Three_Bar_Truss,38,263.8914911002476
SSA,Three_Bar_Truss,39,263.8914911084613
SSA,Three_Bar_Truss,40,263.89149119200346
SSA,Three_Bar_Truss,41,263.891491611936
SSA,Three_Bar_Truss,42,263.8914916077784
SSA,Three_Bar_Truss,43,263.89149110010385
SSA,Three_Bar_Truss,44,263.89149110008657
SSA,Three_Bar_Truss,45,263.8914911000865
SSA,Three_Bar_Truss,46,263.89149110008634
SSA,Three_Bar_Truss,47,263.89149110008657
SSA,Three_Bar_Truss,48,263.8914911000865
SSA,Three_Bar_Truss,49,263.89149110008645
